Both Fits,Water + Fits,All 4,true_label
0.9020208,0.9619074,0.8405589,0.0
0.9027354,0.96227944,0.84187603,0.0
0.90430707,0.96325237,0.8430044,0.0
0.9039779,0.9628369,0.84253913,0.0
0.9041832,0.963184,0.8436273,1.0
0.90332365,0.9625432,0.8420304,0.0
0.9033371,0.9625734,0.8423498,0.0
0.90256214,0.96225387,0.84117186,0.0
0.9020113,0.961738,0.8406496,0.0
0.9024723,0.96231335,0.8412677,0.0
0.90240395,0.96203506,0.84143436,0.0
0.90366346,0.9629691,0.84256107,1.0
0.9027573,0.96201545,0.84121764,0.0
0.90480804,0.9633711,0.8428992,1.0
0.90430707,0.9631258,0.8429426,0.0
0.9018097,0.9618265,0.84066075,0.0
0.90246296,0.96219575,0.84121275,0.0
0.90444267,0.9638227,0.84444237,1.0
0.90421057,0.9633341,0.8433259,1.0
0.9025072,0.96214736,0.8412588,0.0
0.9042309,0.96303666,0.8426296,1.0
0.90446174,0.9636137,0.8442849,1.0
0.904233,0.9632686,0.8429841,0.0
0.9018173,0.9614755,0.8403654,0.0
0.9044334,0.9635064,0.8431926,1.0
0.9024571,0.962002,0.84154236,0.0
0.90443754,0.9632344,0.8433832,1.0
0.9019696,0.9616453,0.8410141,0.0
0.9019758,0.96184504,0.84057885,0.0
0.9026453,0.962155,0.8411957,0.0
0.9032589,0.9626385,0.84184325,0.0
0.90460396,0.96339417,0.8432452,1.0
0.9033138,0.96270645,0.8423365,0.0
0.90165854,0.9615669,0.84055054,0.0
0.90152967,0.9616812,0.8405134,0.0
0.9025197,0.96215695,0.8411907,0.0
0.9023458,0.96229374,0.8414277,1.0
0.9045555,0.9633714,0.84341353,1.0
0.9017208,0.9617171,0.8405366,0.0
0.9033529,0.9625312,0.8418716,0.0
0.9030652,0.9624747,0.8420461,0.0
0.9040731,0.96294385,0.8426773,0.0
0.90210116,0.9620031,0.841088,0.0
0.90158635,0.9616833,0.8405428,0.0
0.90192354,0.96179163,0.8407353,0.0
0.9022955,0.96213514,0.84118813,0.0
0.9023878,0.9619899,0.8408395,0.0
0.9023032,0.9620323,0.84088355,0.0
0.90435827,0.9631632,0.8429421,1.0
0.9038351,0.9628417,0.8422457,0.0
0.90213263,0.96213853,0.84119,0.0
0.9047817,0.96369255,0.8435124,1.0
0.9040004,0.96257794,0.8431834,1.0
0.90191317,0.9618741,0.8405138,0.0
0.9023756,0.96232593,0.8408206,0.0
0.90139925,0.96159065,0.84016323,0.0
0.90156984,0.96158826,0.8408288,0.0
0.9018369,0.96175164,0.84069884,0.0
0.9033626,0.96263504,0.84232676,0.0
0.90241575,0.96204126,0.84131896,0.0
0.90364474,0.9627582,0.8425363,0.0
0.90395623,0.9629124,0.84263337,1.0
0.90354586,0.96279603,0.8425792,0.0
0.90264064,0.96230096,0.84133327,0.0
0.903545,0.962519,0.8425706,0.0
0.9026351,0.9622591,0.8414904,0.0
0.9040364,0.9630505,0.842902,1.0
0.90308064,0.96241647,0.84179604,0.0
0.9045331,0.963394,0.84338266,1.0
0.9040632,0.96296155,0.842878,0.0
0.9020441,0.9620061,0.84114534,0.0
0.90400046,0.96284616,0.84257746,0.0
0.904724,0.96344805,0.84323865,1.0
0.90323657,0.9624671,0.8418172,0.0
0.90333384,0.96265423,0.84233534,0.0
0.90239364,0.9621562,0.84127176,0.0
0.90409535,0.9628522,0.84286976,1.0
0.90321004,0.96269715,0.84246063,0.0
0.9043872,0.96325475,0.84298337,1.0
0.9028801,0.962516,0.84211284,0.0
0.90204775,0.96201676,0.8406938,0.0
0.9025122,0.9619745,0.8411337,0.0
0.9029905,0.9623896,0.84154904,0.0
0.9041855,0.9629162,0.8427211,1.0
0.9029983,0.96278304,0.8425131,1.0
0.90261173,0.9620716,0.84115744,0.0
0.9043641,0.9632395,0.84285706,1.0
0.90210265,0.96197,0.8410904,0.0
0.9036112,0.9628962,0.84218264,0.0
0.9018787,0.9618518,0.84059775,0.0
0.9034853,0.96274555,0.8424533,0.0
0.90372336,0.9628248,0.8423206,0.0
0.9043249,0.9633713,0.84366083,1.0
0.9044431,0.9636728,0.8440417,1.0
0.9021621,0.9619466,0.84095657,0.0
0.9041665,0.963097,0.84274304,0.0
0.9042918,0.9631626,0.84282273,0.0
0.90186155,0.96168673,0.84058887,0.0
0.9029339,0.9625575,0.8421299,0.0
0.9030762,0.9625021,0.84150743,0.0
0.90368825,0.9630372,0.84256554,0.0
0.9035288,0.96260357,0.8422314,0.0
0.90386915,0.96288574,0.842641,0.0
0.9043021,0.9630887,0.8428543,1.0
0.90157765,0.9617754,0.8404549,0.0
0.9017848,0.9616264,0.8407241,0.0
0.90239686,0.96204776,0.84086305,0.0
0.902077,0.9618758,0.84070903,0.0
0.902864,0.9623636,0.8416112,0.0
0.9025914,0.96216905,0.8412863,0.0
0.902932,0.9623661,0.841272,0.0
0.90291655,0.96239203,0.8419072,0.0
0.90413123,0.96294135,0.84279346,0.0
0.90217894,0.96188164,0.8406922,0.0
0.9044592,0.96329707,0.84288377,1.0
0.9029835,0.962628,0.8418458,0.0
0.90297544,0.96225846,0.8416707,0.0
0.9027494,0.9623082,0.8409831,0.0
0.90443736,0.96299154,0.84309614,1.0
0.9022583,0.9619652,0.8408634,0.0
0.90233505,0.9619417,0.8410781,0.0
0.9043315,0.96320295,0.8429019,1.0
0.90436566,0.96313775,0.84297353,1.0
0.90225446,0.96223795,0.8415387,0.0
0.9045575,0.9633457,0.8431841,1.0
0.90450394,0.96354884,0.8432959,1.0
0.90314245,0.96258146,0.8422058,0.0
0.90186274,0.96180975,0.8408286,0.0
0.9015586,0.96154976,0.84030324,0.0
0.9019162,0.9619691,0.8405014,0.0
0.9019035,0.9619571,0.8408111,0.0
0.9048486,0.9640498,0.8449667,1.0
0.90389854,0.96296805,0.84254134,0.0
0.9044281,0.962904,0.8426201,1.0
0.9023426,0.96201956,0.8409754,0.0
0.90384275,0.9628809,0.8425525,0.0
0.90189296,0.96193504,0.84105885,0.0
0.9028104,0.9625122,0.841704,0.0
0.90206254,0.9618899,0.84067047,0.0
0.9045024,0.9633414,0.84299487,1.0
0.9046189,0.96319216,0.8430401,1.0
0.9044647,0.96330583,0.8433262,1.0
0.9040205,0.96303254,0.84286946,0.0
0.9031639,0.9626268,0.84285605,1.0
0.9026636,0.96215993,0.841344,0.0
0.9037002,0.9627544,0.8421798,0.0
0.90390396,0.9627563,0.8424074,0.0
0.90254575,0.9621808,0.8412921,0.0
0.9025615,0.9623982,0.8412512,0.0
0.901701,0.9616849,0.84069663,0.0
0.90388745,0.96309185,0.8430068,1.0
0.90459585,0.963206,0.84335196,1.0
0.9020022,0.96199024,0.84122705,0.0
0.9043743,0.9632651,0.843075,1.0
0.9032672,0.96261466,0.8417245,0.0
0.90484667,0.9642472,0.84516394,1.0
0.9034611,0.9625921,0.84231216,0.0
0.90443265,0.96346235,0.84343183,1.0
0.9050484,0.9633811,0.8431743,1.0
0.90422237,0.963204,0.84297323,1.0
0.90472066,0.96334887,0.8431548,1.0
0.90243196,0.96215403,0.84083015,0.0
0.90217704,0.96200293,0.84100723,0.0
0.9021665,0.9619826,0.8411992,0.0
0.9029304,0.96256983,0.84162825,0.0
0.90429336,0.9631178,0.84299374,1.0
0.9018035,0.9616852,0.840553,0.0
0.901947,0.96179426,0.84061766,0.0
0.9047829,0.96359646,0.843421,1.0
0.9035454,0.96264696,0.8421353,0.0
0.90192336,0.9618168,0.8405963,0.0
0.9025008,0.9625186,0.8420111,0.0
0.90458333,0.9637335,0.8432681,1.0
0.9028168,0.96240675,0.84136695,0.0
0.9048498,0.9638196,0.8434199,1.0
0.9028436,0.9623736,0.8414402,0.0
0.9044081,0.9630839,0.84304845,1.0
0.904428,0.9633396,0.8432337,1.0
0.9043026,0.96321326,0.84308064,1.0
0.90466535,0.96347797,0.8432627,1.0
0.9018113,0.961624,0.8402648,0.0
0.90375245,0.9630639,0.84244317,0.0
0.90240717,0.9620886,0.8415221,0.0
0.90372384,0.96289766,0.84259665,0.0
0.9041875,0.96311396,0.8438875,1.0
0.9041661,0.96306837,0.84284866,0.0
0.90459156,0.9632886,0.8432811,1.0
0.9022069,0.9620026,0.8411846,0.0
0.9028231,0.96243685,0.8417722,0.0
0.9038413,0.9626052,0.84272355,1.0
0.9043137,0.9631321,0.84292907,1.0
0.90388316,0.9628874,0.842538,1.0
0.90309507,0.9629307,0.84245384,1.0
0.9043032,0.9630636,0.8428955,1.0
0.9036273,0.96272564,0.8425663,0.0
0.90275717,0.962368,0.84183896,0.0
0.9024698,0.9620865,0.8411452,0.0
0.9027026,0.9625136,0.8419606,0.0
0.90278375,0.96213806,0.84138644,0.0
0.9038752,0.9628622,0.84252864,0.0
0.9049202,0.96344936,0.8433431,1.0
0.9040449,0.9630998,0.8428618,1.0
0.90282977,0.96216935,0.8411714,0.0
0.9044641,0.963295,0.84353673,1.0
0.90268505,0.96225375,0.8413192,0.0
0.9027308,0.96229285,0.8416234,0.0
0.9038106,0.96282655,0.8426059,0.0
0.9016558,0.9617648,0.8405878,0.0
0.9044709,0.9632616,0.84283656,1.0
0.90315664,0.96265095,0.84258115,0.0
0.9031006,0.9624462,0.84216404,0.0
0.9024078,0.9621172,0.8410594,0.0
0.9036759,0.962814,0.84247607,0.0
0.901906,0.96181166,0.84099305,0.0
0.9023744,0.9619988,0.841077,0.0
0.9022857,0.96197546,0.84086835,0.0
0.90434855,0.9631958,0.84309465,1.0
0.90344495,0.9626678,0.8421351,0.0
0.90250427,0.96226484,0.84130156,0.0
0.90362626,0.9629052,0.8428399,1.0
0.902047,0.96177846,0.8407774,0.0
0.90239257,0.96205676,0.8408763,0.0
0.9044256,0.96318895,0.84315664,1.0
0.90257514,0.9621259,0.84124243,0.0
0.9021257,0.9622251,0.8415645,0.0
0.9038485,0.9627064,0.8420494,0.0
0.9020077,0.96188986,0.8406743,0.0
0.9045615,0.9635309,0.84331596,1.0
0.90498555,0.9638113,0.8445094,1.0
0.9045078,0.96346366,0.843645,1.0
0.9015144,0.961552,0.84065473,0.0
0.9041072,0.9629971,0.8427073,0.0
0.9036725,0.9627485,0.84206074,0.0
0.90193796,0.9617667,0.8409296,0.0
0.90460837,0.96327513,0.84304017,1.0
0.9053129,0.964416,0.8448623,1.0
0.90402526,0.9631697,0.8426628,1.0
0.904528,0.9635061,0.84314525,1.0
0.90471953,0.96334743,0.84329927,1.0
0.9045866,0.9636728,0.8431548,1.0
0.904863,0.9639084,0.8435217,1.0
0.9044213,0.96359885,0.8440177,1.0
0.90409213,0.96313274,0.84291524,1.0
0.90477246,0.96379435,0.84357625,1.0
0.9035411,0.962677,0.84204805,0.0
0.9044325,0.9633783,0.8430991,1.0
0.902098,0.9619009,0.84077567,0.0
0.9023682,0.96205217,0.8412539,0.0
0.9035214,0.96270245,0.8422429,0.0
0.90237504,0.96198845,0.84114516,0.0
0.9019858,0.9617243,0.8406514,0.0
0.904127,0.96294165,0.84286994,0.0
0.9029522,0.9622835,0.84098786,0.0
0.9036606,0.9628442,0.8425144,0.0
0.9046839,0.96348685,0.84312505,1.0
0.9034036,0.96261245,0.8421937,0.0
0.90257704,0.962177,0.8409544,0.0
0.9033372,0.96266973,0.8421065,0.0
0.9039322,0.96312225,0.8430599,0.0
0.90457726,0.9635619,0.84357834,1.0
0.9030873,0.96243036,0.841455,1.0
0.9028643,0.96225107,0.84116066,0.0
0.9048282,0.96318066,0.8430613,1.0
0.9042646,0.9629861,0.84278965,0.0
0.902209,0.9619117,0.8408886,0.0
0.9043358,0.9634752,0.84317887,1.0
0.90326107,0.9624249,0.8417853,0.0
0.90190315,0.9616895,0.8403312,0.0
0.902561,0.9620792,0.8415364,0.0
0.9047783,0.9635331,0.84350026,1.0
0.90408933,0.96294785,0.842737,0.0
0.9030964,0.9624249,0.8415766,0.0
0.9037547,0.96276444,0.84231484,0.0
0.9031769,0.9625309,0.8415588,0.0
0.9024008,0.9621178,0.84139186,0.0
0.90432185,0.9634552,0.84375846,1.0
0.9016296,0.9617645,0.84067714,0.0
0.9031084,0.96269625,0.84178305,0.0
0.9032148,0.9624666,0.8417252,0.0
0.9032909,0.96250963,0.84194326,0.0
0.9040759,0.9629055,0.8424242,0.0
0.9046296,0.96377534,0.844148,1.0
0.9032521,0.9628112,0.8423961,0.0
0.90254897,0.9621929,0.8412299,0.0
0.9045156,0.96318626,0.8432916,1.0
0.9041392,0.9630618,0.84291667,0.0
0.9028233,0.96231735,0.8414367,0.0
0.90175647,0.96154577,0.8403511,0.0
0.9035059,0.962721,0.84226483,0.0
0.9045113,0.9636127,0.8442551,1.0
0.9030717,0.96231973,0.8415991,0.0
0.9031679,0.96238625,0.8417692,0.0
0.9020578,0.96196234,0.840817,0.0
0.9029524,0.9622876,0.84148234,0.0
0.9053775,0.96426755,0.8448526,1.0
0.9042491,0.963436,0.84320164,1.0
0.9045719,0.96331596,0.8432007,1.0
0.90181386,0.9617136,0.8405321,0.0
0.9047162,0.96420586,0.84501296,1.0
0.90396607,0.9627894,0.8425211,0.0
0.90166175,0.9615817,0.84059274,0.0
0.9016957,0.9616333,0.84034526,0.0
0.9035597,0.9626206,0.84223145,0.0
0.9025879,0.96222746,0.84142417,0.0
0.90359926,0.9626292,0.8422929,0.0
0.90337944,0.9626606,0.84226465,0.0
0.9040321,0.9630214,0.8429346,1.0
0.90230644,0.9619978,0.8411883,0.0
0.904461,0.9633299,0.84308374,1.0
0.9028019,0.9622439,0.84127235,0.0
0.9024397,0.96205837,0.8412692,0.0
0.9023183,0.96196157,0.8406617,0.0
0.90313643,0.96249497,0.8420993,0.0
0.9020076,0.9617408,0.8408621,0.0
0.90414745,0.9633152,0.84294987,0.0
0.9034852,0.9626516,0.8421339,0.0
0.9038521,0.96282625,0.8428197,0.0
0.90238583,0.9620911,0.8414351,0.0
0.9027506,0.9622094,0.8415812,0.0
0.901509,0.96186763,0.84098804,0.0
0.9021967,0.96191454,0.8407518,0.0
0.9022266,0.9618707,0.84054995,0.0
0.9038785,0.96294105,0.8427081,0.0
0.9019554,0.9618104,0.8407939,0.0
0.9030153,0.9626743,0.84241927,0.0
0.90418893,0.9630941,0.84282255,1.0
0.9021708,0.9619607,0.8410673,0.0
0.90483445,0.9634899,0.84329575,1.0
0.9047602,0.9636246,0.8433558,1.0
0.90493834,0.96348727,0.84387857,1.0
0.9022396,0.96197397,0.8409556,0.0
0.9051336,0.9639982,0.8434181,1.0
0.90252036,0.962144,0.8414013,0.0
0.9030291,0.96263725,0.8418806,1.0
0.9046732,0.96345013,0.84345275,1.0
0.9021475,0.9618012,0.8405918,0.0
0.90231085,0.9619837,0.8410756,0.0
0.90422106,0.9635054,0.8431333,1.0
0.9029528,0.9623718,0.8412097,0.0
0.90324926,0.96240103,0.84143084,0.0
0.90171796,0.9616334,0.84056103,0.0
0.904039,0.9632616,0.84271175,1.0
0.902225,0.96198195,0.841139,0.0
0.9039443,0.9628137,0.8423518,1.0
0.90469587,0.9634408,0.8431651,1.0
0.9040998,0.9628708,0.8432166,1.0
0.9043652,0.9631237,0.8429074,0.0
0.90172386,0.96163285,0.84071046,0.0
0.9032771,0.9623946,0.8422328,0.0
0.9020545,0.96196145,0.8410117,0.0
0.9044363,0.9632161,0.8432196,1.0
0.90387356,0.962831,0.8424362,0.0
0.90432817,0.9630455,0.84303796,1.0
0.9045614,0.96318805,0.8432083,1.0
0.90326154,0.96253,0.84188235,1.0
0.90415525,0.9637677,0.8445498,1.0
0.90283376,0.9623194,0.8414383,0.0
0.9045084,0.9632603,0.84317094,1.0
0.9030427,0.9623502,0.84194624,0.0
0.90194005,0.9618169,0.84058607,0.0
0.90157634,0.9615353,0.84036463,0.0
0.9030668,0.9623556,0.8419857,0.0
0.9039747,0.96295273,0.8425786,0.0
0.9050463,0.9644551,0.845483,1.0
0.9022676,0.961961,0.84110296,0.0
0.9044592,0.96326923,0.8425578,1.0
0.9038555,0.9629008,0.842564,0.0
0.9025136,0.9622367,0.8419666,0.0
0.90516746,0.9634706,0.8439013,1.0
0.9021219,0.96203357,0.84119636,0.0
0.9024,0.96219695,0.84117424,0.0
0.901882,0.96172893,0.8408145,0.0
0.90334463,0.96265924,0.84171915,0.0
0.9035058,0.9626075,0.8420833,0.0
0.9045351,0.9635083,0.8431228,1.0
0.9024952,0.96208036,0.8409997,0.0
0.9046113,0.96370924,0.8436481,1.0
0.9022027,0.9620676,0.8411547,0.0
0.9034956,0.9628704,0.842165,0.0
0.9044787,0.9636873,0.84370506,1.0
0.9032642,0.9624637,0.84167975,0.0
0.9034746,0.9626158,0.8421567,0.0
0.9033799,0.96254885,0.84171295,0.0
0.9043015,0.9630337,0.8432776,0.0
0.90351117,0.9627802,0.84246826,0.0
0.9043126,0.9631604,0.84305936,1.0
0.9045494,0.96331704,0.843252,1.0
0.9036592,0.9627506,0.8424159,1.0
0.904352,0.9632718,0.843149,1.0
0.90457374,0.9633791,0.8433277,1.0
0.9046912,0.96327245,0.843304,1.0
0.90252304,0.96212614,0.8418499,0.0
0.9034249,0.96274215,0.84241235,0.0
0.9038417,0.96292686,0.84273356,0.0
0.9024709,0.9620765,0.8411771,0.0
0.9032284,0.962512,0.84162045,0.0
0.9033511,0.96253854,0.8413887,0.0
0.9032215,0.96251106,0.84179765,0.0
0.90414876,0.9630561,0.8428799,0.0
0.902003,0.9619212,0.8408359,0.0
0.9025294,0.96216404,0.841389,0.0
0.90334815,0.962715,0.84181815,0.0
0.9046834,0.9635846,0.84394705,1.0
0.9034389,0.9627592,0.84242696,0.0
0.90470946,0.96333027,0.843067,1.0
0.9029074,0.96245444,0.8417616,0.0
0.90409106,0.96295196,0.8426582,0.0
0.9039644,0.9630822,0.84261954,1.0
0.9021433,0.96200496,0.84087926,0.0
0.904459,0.9634013,0.8432102,1.0
0.9034492,0.9626757,0.842275,0.0
0.9021138,0.9617443,0.8405588,0.0
0.9035797,0.96278304,0.8422577,0.0
0.90446866,0.9633217,0.8432541,0.0
0.9024334,0.96211004,0.8412701,0.0
0.90289843,0.96241015,0.84149647,0.0
0.90200436,0.9617592,0.84138185,0.0
0.9044644,0.9635116,0.84361315,1.0
0.9043738,0.9635766,0.8438055,1.0
0.9034564,0.96254575,0.84207886,0.0
0.90452653,0.9635046,0.84332144,1.0
0.90176046,0.9617651,0.84063804,0.0
0.90352887,0.9627336,0.8420175,0.0
0.90164644,0.9616729,0.8402999,0.0
0.9026788,0.96213007,0.8416141,0.0
0.90383977,0.96299136,0.842587,0.0
0.9050288,0.963772,0.8442208,1.0
0.90221894,0.9618452,0.8405781,0.0
0.90195084,0.96186256,0.841162,0.0
0.904723,0.96325016,0.8432603,1.0
0.90471345,0.96359426,0.8436403,1.0
0.9036915,0.9631244,0.84303313,1.0
0.9039968,0.9628485,0.84235495,1.0
0.9034899,0.9626998,0.84223473,0.0
0.90477085,0.96359956,0.8435668,1.0
0.9025444,0.96205044,0.8411072,0.0
0.90239507,0.96185446,0.8409262,0.0
0.9026704,0.9622353,0.841431,0.0
0.904843,0.9636053,0.8432354,1.0
0.90434045,0.96304,0.84292334,1.0
0.9043142,0.9630743,0.84312993,1.0
0.90170705,0.96168625,0.84060943,0.0
0.9038623,0.96294415,0.8434421,1.0
0.90402925,0.9630235,0.8427108,0.0
0.90467536,0.9633064,0.8431209,1.0
0.9027961,0.9622661,0.8414157,0.0
0.90454495,0.96331227,0.84294873,1.0
0.9047167,0.9633334,0.8431734,1.0
0.90301955,0.9625689,0.8419405,0.0
0.90468246,0.9636296,0.84358823,1.0
0.90416783,0.96305835,0.8428353,0.0
0.9048623,0.96342564,0.8434242,1.0
0.90258104,0.96219933,0.84111917,0.0
0.902722,0.9623539,0.84152186,0.0
0.9023843,0.962282,0.8414606,0.0
0.9036783,0.96282685,0.8421879,0.0
0.90177214,0.96169597,0.84014016,0.0
0.90332204,0.96264,0.8419792,0.0
0.90160525,0.96156675,0.8404478,0.0
0.90365493,0.96278524,0.8423195,0.0
0.9039149,0.9630252,0.8426177,1.0
0.903556,0.9626746,0.84238136,0.0
0.9050909,0.96378356,0.8438258,1.0
0.9045633,0.9635698,0.8434889,1.0
0.904541,0.96394217,0.8439371,1.0
0.9044369,0.96393156,0.84443694,0.0
0.9014537,0.96164465,0.84053725,0.0
0.9048154,0.96362704,0.84335107,1.0
0.9034384,0.9626516,0.84248286,0.0
0.90450495,0.96343344,0.84370995,1.0
0.904533,0.9637311,0.84438455,1.0
0.90167314,0.9616601,0.84054506,0.0
0.9019631,0.96177256,0.84086573,0.0
0.9030113,0.9624518,0.8420358,0.0
0.9025157,0.962294,0.84083825,0.0
0.90463656,0.96361846,0.8434204,1.0
0.9041726,0.9630715,0.8432251,1.0
0.9038952,0.962896,0.8426285,0.0
0.9029282,0.96238196,0.8416897,0.0
0.9020764,0.96189296,0.8408033,0.0
0.90231085,0.96199924,0.84104586,0.0
0.9024215,0.9620501,0.84090173,0.0
0.90494806,0.96359015,0.8434374,1.0
0.9042531,0.9631405,0.8431126,1.0
0.9048834,0.96361923,0.84368515,1.0
0.9037193,0.9627361,0.8421799,0.0
0.90321815,0.9624611,0.84207106,0.0
0.90249425,0.9622033,0.8412123,0.0
0.9032265,0.9624836,0.84199655,0.0
0.90237254,0.9621215,0.8412973,0.0
0.9033947,0.9625648,0.8421899,0.0
0.90291184,0.96229947,0.84142876,0.0
0.9046009,0.9635013,0.84315795,1.0
0.9046423,0.96337926,0.8433936,1.0
0.90282804,0.9623214,0.8415459,0.0
0.90264475,0.9622083,0.8410141,0.0
0.90458524,0.9633465,0.8434931,1.0
0.90324867,0.96254504,0.84203863,0.0
0.9045137,0.96344614,0.8434118,1.0
0.9046712,0.96408975,0.8442928,1.0
0.9023422,0.9621461,0.84178007,0.0
0.90264815,0.9621793,0.841385,0.0
0.9021807,0.9618474,0.84095323,0.0
0.90285337,0.9622035,0.84095305,0.0
0.90407056,0.9630866,0.8427776,1.0
0.90345395,0.96273005,0.8420806,0.0
0.9046653,0.9633217,0.84330714,1.0
0.9046545,0.9633155,0.84317094,1.0
0.9024784,0.9623381,0.8410162,0.0
0.903392,0.962434,0.8415636,0.0
0.9029091,0.96247613,0.84133446,0.0
0.9038243,0.9631087,0.8432048,1.0
0.90437573,0.96325433,0.8432085,1.0
0.903492,0.9629534,0.84274733,1.0
0.90473473,0.96357834,0.84339607,1.0
0.90194464,0.961816,0.84063375,0.0
0.904617,0.9632266,0.84307164,1.0
0.90140086,0.96163493,0.8405112,0.0
0.9039019,0.96276045,0.84238213,1.0
0.903021,0.96249425,0.84185684,0.0
0.9021735,0.96192205,0.84117156,0.0
0.9023954,0.9621557,0.8415324,0.0
0.9020578,0.9619659,0.8407564,0.0
0.9030975,0.96241206,0.8416861,0.0
0.9026122,0.96210086,0.8414284,0.0
0.9034866,0.96292114,0.8426471,0.0
0.90425795,0.9632045,0.84312046,0.0
0.9028958,0.9621663,0.84154415,0.0
0.9031485,0.96237487,0.8419412,0.0
0.90481836,0.964028,0.84477806,1.0
0.90259105,0.9622172,0.8414532,0.0
0.90459174,0.9634587,0.84341604,1.0
0.90467584,0.9634867,0.84364617,1.0
0.9034108,0.96252584,0.84191227,0.0
0.9029083,0.9624535,0.8415922,0.0
0.90174073,0.9617133,0.84058106,0.0
0.9043962,0.9632257,0.84295523,1.0
0.90192384,0.96186316,0.84045744,0.0
0.90477943,0.9636458,0.8434113,1.0
0.9035652,0.9629505,0.84288824,1.0
0.9039909,0.96293366,0.8426262,1.0
0.9035403,0.9627496,0.84249675,0.0
0.9042166,0.9633335,0.8427706,1.0
0.9043816,0.96327686,0.8433391,1.0
0.9034646,0.9627018,0.8422329,0.0
0.90492475,0.96376544,0.8432444,1.0
0.90297925,0.9623539,0.8415661,0.0
0.9024495,0.9620959,0.84136647,0.0
0.9033701,0.9626683,0.8422187,0.0
0.90246695,0.9623157,0.84141886,0.0
0.9022435,0.96204853,0.8409643,0.0
0.9035524,0.9626767,0.8421836,0.0
0.9041282,0.9629364,0.8425112,0.0
0.9029956,0.9623192,0.84171563,0.0
0.9027238,0.9621922,0.8413598,0.0
0.9038253,0.96286666,0.8425644,0.0
0.9036771,0.96284467,0.84247655,0.0
0.90448797,0.9634019,0.8434413,1.0
0.9041194,0.96293956,0.84263134,0.0
0.90458715,0.9634411,0.8434412,1.0
0.9030507,0.96252996,0.8419302,0.0
0.901528,0.9616545,0.84052575,0.0
0.90278757,0.9622199,0.8418291,0.0
0.9026292,0.96227586,0.84124535,0.0
0.90207356,0.96183777,0.84085065,0.0
0.9030732,0.96250266,0.8419911,0.0
0.9047124,0.9632923,0.843725,1.0
0.9019144,0.9617462,0.8406404,0.0
0.9044528,0.9632436,0.8433202,1.0
0.90464485,0.9636551,0.8436473,1.0
0.9019407,0.9616543,0.84040767,0.0
0.9020712,0.96190244,0.8405013,0.0
0.9027308,0.96216935,0.8409279,0.0
0.90394986,0.9628954,0.84302557,1.0
0.9017476,0.9616804,0.8405895,0.0
0.9023596,0.9619743,0.8412634,0.0
0.9021017,0.96201515,0.8406545,0.0
0.9030687,0.9625004,0.84163606,0.0
0.90267545,0.9623462,0.8414796,0.0
0.90367043,0.962638,0.8421882,0.0
0.9028636,0.96253633,0.84215754,0.0
0.9021343,0.9619932,0.8413706,0.0
0.9047998,0.9638054,0.8443654,1.0
0.90429103,0.9632789,0.842724,1.0
0.90350133,0.9627015,0.8424948,0.0
0.90400296,0.9630014,0.8426426,0.0
0.9045757,0.96342164,0.8432878,1.0
0.9028953,0.96261346,0.8420998,1.0
0.90476865,0.9633125,0.84333766,1.0
0.9032013,0.9626297,0.8421639,0.0
0.9048939,0.9635313,0.8434442,1.0
0.9043579,0.963463,0.8439606,1.0
0.90458906,0.9633802,0.84321433,1.0
0.90337867,0.9625818,0.8421162,0.0
0.9024256,0.9620136,0.84098756,0.0
0.9038948,0.96291673,0.8422319,0.0
0.9050304,0.9635291,0.84317505,1.0
0.9030255,0.9625211,0.8414181,0.0
0.90346116,0.9625535,0.84181654,0.0
0.903849,0.9629795,0.84291923,0.0
0.9020554,0.96191597,0.8407922,0.0
0.9048028,0.9635838,0.843593,1.0
0.9048311,0.9636464,0.8440232,1.0
0.90437937,0.9633662,0.84290236,1.0
0.90236634,0.9619848,0.8410946,0.0
0.903257,0.9626681,0.8417611,0.0
0.90207815,0.96201086,0.8408734,0.0
0.9024323,0.962169,0.8412631,0.0
0.9037924,0.9627331,0.8425875,0.0
0.9016679,0.96171504,0.8405615,0.0
0.903911,0.9630238,0.8428221,0.0
0.9043876,0.9632527,0.8428687,1.0
0.90323675,0.96248055,0.84169614,0.0
0.90254194,0.9622399,0.8413847,0.0
0.9024583,0.9621539,0.84142363,0.0
0.9045973,0.96335256,0.8431673,1.0
0.90309143,0.9623352,0.8414507,0.0
0.9021158,0.96190584,0.84125555,0.0
0.9022764,0.96185195,0.84088784,0.0
0.90364015,0.9626875,0.84216416,0.0
0.9030482,0.9623922,0.84162587,0.0
0.90426195,0.96316326,0.8429519,0.0
0.90381956,0.96286315,0.8423292,0.0
0.90331346,0.96271056,0.8418948,0.0
0.90469235,0.9638723,0.84346944,1.0
0.90450335,0.96328515,0.8430708,1.0
0.90399826,0.96293813,0.84259856,0.0
0.90251255,0.9621045,0.84113276,0.0
0.9047991,0.9635844,0.8434447,1.0
0.90462255,0.96340257,0.84289753,1.0
0.9048001,0.9638972,0.84397316,1.0
0.90180236,0.9616294,0.8405708,0.0
0.9023722,0.9620514,0.84118587,0.0
0.90342075,0.9626726,0.84221345,0.0
0.902579,0.96193254,0.8408902,0.0
0.90371877,0.96290004,0.84260815,0.0
0.9049962,0.9643036,0.8447792,1.0
0.9027915,0.9623724,0.8417161,0.0
0.90224427,0.96202374,0.8410387,0.0
0.90398705,0.9629181,0.84268063,0.0
0.9030431,0.9624112,0.841571,0.0
0.90405816,0.9630588,0.8428909,0.0
0.90300655,0.9623186,0.8416851,0.0
0.90430117,0.96337855,0.8435133,1.0
0.9028468,0.9624941,0.84162885,0.0
0.90333956,0.9626028,0.8420389,0.0
0.90476835,0.9635545,0.84329474,0.0
0.90186757,0.9616059,0.8406658,0.0
0.9019331,0.961788,0.84026784,0.0
0.9034465,0.9627353,0.8424015,0.0
0.9017371,0.96164215,0.84087574,0.0
0.9018815,0.96178454,0.8410791,0.0
0.9041233,0.96302176,0.84281445,0.0
0.903333,0.9626005,0.8419736,0.0
0.90318394,0.9624351,0.84196854,0.0
0.90218294,0.9619543,0.8409632,0.0
0.9017464,0.9615566,0.84043807,0.0
0.9020177,0.9620426,0.84105426,0.0
0.9023326,0.962047,0.84091055,0.0
0.90409124,0.96274805,0.84232205,1.0
0.90426254,0.96313775,0.84303397,0.0
0.902043,0.9618257,0.8406043,0.0
0.9023573,0.96193486,0.8408534,0.0
0.9024971,0.962104,0.84109783,0.0
0.902909,0.96238697,0.84139204,0.0
0.9018744,0.96167314,0.8407586,0.0
0.90241873,0.9621226,0.8415737,0.0
0.9035743,0.9627506,0.84232044,0.0
0.9044485,0.9636053,0.84354913,1.0
0.90453976,0.9632584,0.8430459,1.0
0.9045161,0.9636229,0.84371006,1.0
0.9041902,0.96310014,0.84292924,1.0
0.9035007,0.9627336,0.84228384,0.0
0.90345746,0.96266097,0.8421318,0.0
0.9018776,0.96172917,0.8408619,0.0
0.901917,0.96176624,0.8406277,0.0
0.90444976,0.9632621,0.84309685,1.0
0.9034873,0.9627059,0.8421141,0.0
0.9018833,0.9617567,0.84031904,0.0
0.90272605,0.9622078,0.8411288,0.0
0.90471345,0.963281,0.84296066,1.0
0.9034187,0.96258134,0.84222585,0.0
0.90296125,0.96226513,0.84160346,0.0
0.9031538,0.9623829,0.8418025,0.0
0.90209836,0.96168536,0.8407133,0.0
0.9018978,0.9616699,0.84080637,0.0
0.902166,0.9620122,0.841468,0.0
0.90445346,0.96313685,0.8430417,1.0
0.9044069,0.96322984,0.8427774,1.0
0.9017463,0.96168315,0.840631,0.0
0.9037727,0.96326303,0.84244287,1.0
0.902057,0.96177137,0.840744,0.0
0.9016317,0.96164244,0.84076023,0.0
0.90173733,0.961672,0.8410652,0.0
0.90232706,0.96197283,0.8407866,0.0
0.90200156,0.9618761,0.8410233,0.0
0.90403765,0.9627029,0.8423436,1.0
0.903409,0.9625201,0.84217894,0.0
0.9022032,0.9618772,0.84095657,0.0
0.90413874,0.96304643,0.8429248,1.0
0.9040898,0.96302474,0.8427253,0.0
0.9018856,0.9618843,0.84078044,0.0
0.9032122,0.96246415,0.84159553,0.0
0.9022788,0.9618918,0.8409607,0.0
0.9024283,0.9620937,0.8412388,0.0
0.9025318,0.9621655,0.8412484,0.0
0.9048395,0.9637458,0.8434137,1.0
0.9042484,0.9631044,0.8427607,0.0
0.9026489,0.9623338,0.84160745,0.0
0.9022211,0.96186745,0.84042895,0.0
0.9030771,0.9624521,0.8420669,0.0
0.90305537,0.9626319,0.8418064,0.0
0.90347445,0.96266824,0.84240437,0.0
0.9023372,0.96196526,0.840696,0.0
0.90416825,0.9631632,0.84321415,1.0
0.9028977,0.9623702,0.84171104,0.0
0.9030386,0.96249115,0.8414253,0.0
0.904528,0.9633767,0.8431443,1.0
0.90473473,0.96367854,0.8433422,1.0
0.9043282,0.9630705,0.8429035,1.0
0.9032319,0.9625824,0.84168017,0.0
0.90217906,0.9619808,0.84090775,0.0
0.9023113,0.9619546,0.8408556,0.0
0.90432703,0.9630491,0.8424387,1.0
0.90474826,0.9634215,0.8430848,0.0
0.9039442,0.9628824,0.84284323,0.0
0.90272504,0.962275,0.84137565,0.0
0.9051732,0.9640891,0.84486973,1.0
0.9026103,0.9622408,0.84206593,0.0
0.9046984,0.96352494,0.8432782,1.0
0.90442294,0.9636555,0.8437568,1.0
0.90468585,0.96323127,0.84281933,1.0
0.9023331,0.9621375,0.84047633,0.0
0.904246,0.96322566,0.84292614,0.0
0.90360105,0.9629399,0.84230965,0.0
0.9043433,0.9633752,0.84330004,1.0
0.9042697,0.9630521,0.8429469,0.0
0.9040438,0.96291864,0.8424503,0.0
0.90223914,0.96197814,0.8409483,0.0
0.90319157,0.9627899,0.8422718,1.0
0.903365,0.9625471,0.8422471,0.0
0.9045929,0.96372986,0.8438859,1.0
0.9034747,0.96258533,0.8419201,0.0
0.9036318,0.96272147,0.84249085,0.0
0.90426123,0.9631852,0.84375507,1.0
0.9042131,0.96312124,0.84305525,0.0
0.90497905,0.9640185,0.8436907,1.0
0.9043163,0.9631728,0.84311837,1.0
0.9024393,0.96195114,0.8412919,0.0
0.9046196,0.96352184,0.84380853,1.0
0.9035078,0.9627589,0.84228146,0.0
0.90299046,0.9625722,0.8415617,0.0
0.90365267,0.96271974,0.8421537,0.0
0.90216655,0.96198905,0.8410198,0.0
0.9022722,0.9620374,0.8411581,0.0
0.9045995,0.9632391,0.84326935,1.0
0.90460885,0.9635668,0.8432808,1.0
0.90509415,0.96377707,0.8432358,1.0
0.9016932,0.9617087,0.8404684,0.0
0.9026408,0.9621464,0.84154207,0.0
0.9043667,0.9630017,0.8432204,1.0
0.90446806,0.96304035,0.84294605,1.0
0.90294564,0.96233827,0.8415491,0.0
0.9044946,0.96372664,0.8436457,1.0
0.9046413,0.9637521,0.84335536,1.0
0.9023315,0.9619498,0.84082204,0.0
0.9019173,0.96175086,0.8402842,0.0
0.90355474,0.9627983,0.8423753,0.0
0.9021734,0.96199226,0.8411492,0.0
0.9022091,0.96198595,0.84125614,0.0
0.9037345,0.9628121,0.84240836,0.0
0.90303886,0.96228886,0.8415411,0.0
0.9039887,0.962959,0.8426679,0.0
0.90203524,0.9618974,0.8411013,0.0
0.9038212,0.96277606,0.84228164,0.0
0.904352,0.96322316,0.8431641,0.0
0.904476,0.96337354,0.8437087,1.0
0.9038235,0.96277314,0.8422694,1.0
0.9022759,0.96208465,0.8411859,0.0
0.90454453,0.9635232,0.8442103,1.0
0.9015584,0.9616106,0.8402982,0.0
0.9026909,0.9622426,0.84137917,0.0
0.9025629,0.9623086,0.8415205,0.0
0.9034991,0.9627813,0.8427299,0.0
0.9042088,0.96335983,0.8429972,1.0
0.9026844,0.9623302,0.8412436,0.0
0.902499,0.9623238,0.84138346,0.0
0.9031084,0.9625896,0.84221727,0.0
0.9041384,0.9632522,0.84355175,1.0
0.9045073,0.9634315,0.8432571,1.0
0.9036113,0.96277475,0.84202164,0.0
0.9023547,0.9620942,0.8409584,0.0
0.9026867,0.9622715,0.8415276,0.0
0.9030099,0.962375,0.84166324,0.0
0.9021428,0.96191627,0.8407733,0.0
0.9043377,0.96315384,0.8427728,0.0
0.90463495,0.96343833,0.8434251,1.0
0.904678,0.9640193,0.8445314,1.0
0.90178967,0.961695,0.84074944,0.0
0.9035656,0.9626545,0.8421019,1.0
0.903793,0.96279526,0.8424182,0.0
0.9037121,0.9629493,0.8424269,0.0
0.90242493,0.96210545,0.8412242,0.0
0.903139,0.9623028,0.84185314,0.0
0.90443057,0.9634775,0.8429138,1.0
0.9032917,0.96255016,0.8421025,0.0
0.9045026,0.9636324,0.84433955,1.0
0.90278876,0.96224576,0.8409012,0.0
0.90381145,0.9627716,0.84225017,0.0
0.9026119,0.9621642,0.8416947,0.0
0.90438044,0.96374494,0.84396994,1.0
0.90408534,0.96294725,0.842693,0.0
0.90240115,0.9622399,0.84147626,0.0
0.90515816,0.9639803,0.8441985,1.0
0.902034,0.9618322,0.84082013,0.0
0.90389985,0.9628726,0.84257877,0.0
0.9030709,0.9626492,0.8425499,0.0
0.90245295,0.9619045,0.8411034,0.0
0.90238285,0.9620342,0.84121007,0.0
0.901964,0.9617201,0.8405684,0.0
0.90238494,0.96209985,0.8414383,0.0
0.90490407,0.9638502,0.84327585,1.0
0.9047395,0.9635599,0.84304,1.0
0.90435517,0.9631525,0.84289706,1.0
0.90417415,0.96324617,0.84309876,1.0
0.90277064,0.9621714,0.8413905,0.0
0.90241796,0.96202976,0.841107,0.0
0.90296525,0.9624548,0.8421586,0.0
0.9027603,0.96228516,0.84144,0.0
0.9042147,0.96320534,0.8428632,1.0
0.90240496,0.962006,0.84120643,0.0
0.9035455,0.9628049,0.84244376,0.0
0.90455854,0.9636344,0.84329385,1.0
0.9039062,0.9629055,0.84252775,0.0
0.90457314,0.9631959,0.8431708,1.0
0.9044091,0.963483,0.8435621,1.0
0.9040429,0.9629256,0.8425911,0.0
0.90209454,0.9619931,0.84089005,0.0
0.9022721,0.96200293,0.8410057,0.0
0.902428,0.9620527,0.84126747,0.0
0.9045558,0.9631876,0.8431862,1.0
0.90481395,0.9635191,0.8437088,1.0
0.9045569,0.96324265,0.84314585,1.0
0.9036986,0.9630025,0.8424119,0.0
0.90316707,0.96251965,0.84150803,0.0
0.90456474,0.9631504,0.84311694,1.0
0.90472555,0.9633166,0.8430117,1.0
0.9025227,0.962221,0.84146726,0.0
0.9038493,0.96292275,0.8426703,0.0
0.90179884,0.96163875,0.8405156,0.0
0.9046728,0.9641264,0.84521073,1.0
0.90414107,0.96299934,0.8426671,1.0
0.90174645,0.96169454,0.84045726,0.0
0.9024728,0.96214515,0.84132653,0.0
0.9029174,0.96257704,0.8419329,1.0
0.90244424,0.9620056,0.84096557,0.0
0.90211135,0.96179074,0.84072685,0.0
0.90275383,0.9623264,0.8415267,0.0
0.90362424,0.96290416,0.84262764,0.0
0.9042088,0.96328753,0.84331095,1.0
0.90200293,0.96181583,0.84090793,0.0
0.90301543,0.96242064,0.84153146,0.0
0.9035271,0.9625697,0.8420847,0.0
0.9029533,0.9625303,0.8416959,0.0
0.9022352,0.961897,0.8411479,0.0
0.9040011,0.9629024,0.8424649,1.0
0.90217656,0.9619597,0.84071124,0.0
0.903437,0.9627298,0.8420437,0.0
0.90239465,0.9621097,0.84094036,0.0
0.9018437,0.9617747,0.84086657,0.0
0.9046583,0.96371126,0.8443602,1.0
0.90212095,0.96197397,0.84137917,0.0
0.90197295,0.96193874,0.8406557,0.0
0.9021098,0.96202576,0.8410613,0.0
0.90456533,0.9634075,0.84313124,1.0
0.9029068,0.9623333,0.8413717,0.0
0.9045078,0.96342087,0.84370005,1.0
0.9016967,0.96167547,0.84055746,0.0
0.9046028,0.9632352,0.8429731,1.0
0.903907,0.9631041,0.84237754,1.0
0.9048168,0.96410084,0.8446646,0.0
0.90417385,0.9631151,0.8429491,1.0
0.9038145,0.9628127,0.8420436,0.0
0.9044074,0.9632953,0.84326696,1.0
0.90497077,0.9640133,0.84451133,1.0
0.90241516,0.96183425,0.8410176,0.0
0.90225476,0.9620344,0.8405794,0.0
0.90298253,0.9623931,0.84186155,0.0
0.90408593,0.9628388,0.84224814,0.0
0.9032237,0.9622922,0.84168255,0.0
0.90188754,0.96201754,0.8411225,0.0
0.9025954,0.96219254,0.84156,0.0
0.90346575,0.96288884,0.8424266,0.0
0.9042778,0.9631426,0.8428985,1.0
0.902503,0.9620285,0.8408205,0.0
0.9034182,0.9626241,0.8421539,0.0
0.90449584,0.96367246,0.84393084,1.0
0.90435773,0.96316546,0.8436014,1.0
0.90182287,0.9618572,0.8404751,0.0
0.90223885,0.96230423,0.8413326,0.0
0.901871,0.961703,0.8408756,0.0
0.9038289,0.96291316,0.84261763,0.0
0.9029721,0.9625556,0.841781,0.0
0.9035913,0.96259755,0.8421528,0.0
0.9030663,0.9624221,0.8419074,0.0
0.9038804,0.9629572,0.84289855,1.0
0.9028443,0.96230507,0.84153366,0.0
0.9040321,0.96300495,0.84300387,1.0
0.9043468,0.9631487,0.84306896,1.0
0.90508014,0.9640628,0.8449384,1.0
0.9043285,0.9631527,0.8429998,1.0
0.903487,0.96261597,0.84200495,0.0
0.9017668,0.9619206,0.8410058,0.0
0.9039237,0.9630165,0.84287703,0.0
0.9026424,0.96211225,0.84136486,0.0
0.902658,0.96249324,0.8414117,0.0
0.9028166,0.9622162,0.84164315,0.0
0.9036266,0.9626579,0.84225094,0.0
0.9035864,0.9627651,0.84235495,0.0
0.9019683,0.9617441,0.84051657,0.0
0.9039429,0.96304464,0.84234506,0.0
0.9018959,0.9616718,0.8408394,0.0
0.90452635,0.9632994,0.84321153,1.0
0.9015794,0.9617362,0.84035474,0.0
0.903376,0.96277606,0.8422166,0.0
0.90348977,0.96261346,0.8418379,0.0
0.90410554,0.96304816,0.8428469,0.0
0.90386915,0.96317863,0.8425525,1.0
0.9033572,0.9626252,0.8425046,0.0
0.9028393,0.9625865,0.84212124,0.0
0.90267056,0.962261,0.8414443,0.0
0.9044902,0.96360445,0.84337914,1.0
0.9020116,0.9620496,0.8407653,0.0
0.9041708,0.9630224,0.8427448,0.0
0.9047493,0.96374416,0.8434042,1.0
0.9019623,0.96183884,0.840588,0.0
0.90247,0.962076,0.8414893,0.0
0.90471137,0.9632095,0.84315526,1.0
0.9047249,0.963473,0.84346104,1.0
0.90320444,0.96297204,0.84279764,1.0
0.9034435,0.9626335,0.8422923,0.0
0.90518725,0.96383667,0.84345895,1.0
