unique_id,fits_combined_score,fits_combined_pred,fits_combined_uncertainty,fits+water_score,fits+water_pred,fits+water_uncertainty,all_four_score,all_four_pred,all_four_uncertainty
DOSEESC_EM01_10.16.2017_9_29_24,0.9020163,0,,0.9619231,0,,0.84052944,0,
DOSEESC_EM01_09.20.2017_8_38_38,0.9027444,0,,0.9622839,0,,0.84186393,0,
DOSEESC_EM14_06.10.2019_21_42_40,0.90430146,1,,0.96326816,1,,0.84298885,1,
DOSEESC_EM14_05.22.2019_21_42_37,0.9039901,1,,0.9628352,0,,0.8425127,0,
DOSEESC_EM01_09.20.2017_8_43_37,0.9041813,1,,0.9631871,1,,0.8436262,1,
DOSEESC_EM14_05.22.2019_18_30_21,0.9033335,0,,0.96254444,0,,0.8420011,0,
DOSEESC_EM01_10.16.2017_12_26_28,0.90332097,0,,0.96258414,0,,0.8423184,0,
DOSEESC_EM14_06.10.2019_15_38_20,0.90257585,0,,0.9622613,0,,0.8411521,0,
rGBM_004_09_22_2023_09.22.2023_24_33_36,0.90200394,0,,0.96175575,0,,0.84065133,0,
DOSEESC_EM14_06.10.2019_13_32_20,0.9024906,0,,0.96231425,0,,0.84122,0,
DOSEESC_EM01_09.20.2017_10_31_23,0.9023903,0,,0.962055,0,,0.841403,0,
DOSEESC_EM14_06.10.2019_9_39_36,0.90367776,0,,0.962982,1,,0.84261477,1,
DOSEESC_EM14_06.10.2019_22_32_25,0.9027659,0,,0.96202487,0,,0.8411721,0,
DOSEESC_EM01_09.20.2017_15_30_20,0.904834,1,,0.96337575,1,,0.84287643,1,
DOSEESC_EM01_09.20.2017_19_22_32,0.9043215,1,,0.9631373,1,,0.84289396,1,
DOSEESC_EM14_06.10.2019_18_36_22,0.9017946,0,,0.9618336,0,,0.840586,0,
DOSEESC_EM14_06.10.2019_23_37_35,0.9024849,0,,0.96219695,0,,0.84122217,0,
DOSEESC_EM14_06.10.2019_17_36_19,0.90442836,1,,0.96381474,1,,0.84439677,1,
DOSEESC_EM01_10.16.2017_9_21_30,0.90421927,1,,0.96334285,1,,0.8433094,1,
DOSEESC_EM06_03.19.2018_19_35_38,0.90250766,0,,0.9621544,0,,0.8412129,0,
DOSEESC_EM01_10.16.2017_19_27_29,0.90421695,1,,0.96304065,1,,0.842608,1,
DOSEESC_EM14_06.10.2019_16_32_19,0.9044603,1,,0.96362,1,,0.8442372,1,
DOSEESC_EM01_09.20.2017_10_21_33,0.90426016,1,,0.9632762,1,,0.8429904,1,
DOSEESC_EM01_09.20.2017_14_42_39,0.9018265,0,,0.96149695,0,,0.84030104,0,
DOSEESC_EM01_09.20.2017_9_24_22,0.90443116,1,,0.96351624,1,,0.84314144,1,
rGBM_004_09_22_2023_09.22.2023_24_33_32,0.90246284,0,,0.9620122,0,,0.8415235,0,
DOSEESC_EM06_03.19.2018_17_51_36,0.9044412,1,,0.9632457,1,,0.84335536,1,
DOSEESC_EM14_06.10.2019_18_28_41,0.901964,0,,0.9616474,0,,0.84096557,0,
DOSEESC_EM06_03.19.2018_13_27_23,0.9019915,0,,0.96185505,0,,0.8405507,0,
DOSEESC_EM01_09.20.2017_13_36_19,0.90265244,0,,0.9621577,0,,0.84111756,0,
DOSEESC_EM14_05.22.2019_11_45_37,0.9032658,0,,0.9626411,0,,0.8417865,0,
DOSEESC_EM06_04.13.2018_18_50_37,0.9046203,1,,0.96339893,1,,0.84324443,1,
DOSEESC_EM01_10.16.2017_14_27_22,0.90330124,0,,0.9627162,0,,0.84226215,0,
wholeGBM_002_03_10_2023_03.10.2023_19_34_23,0.9016614,0,,0.96157753,0,,0.840557,0,
DOSEESC_EM01_09.20.2017_11_41_37,0.9015397,0,,0.961696,0,,0.8404894,0,
DOSEESC_EM14_06.10.2019_20_25_29,0.90251684,0,,0.9621769,0,,0.84114057,0,
DOSEESC_EM06_04.13.2018_16_41_43,0.90237075,0,,0.9622939,0,,0.84135133,0,
DOSEESC_EM14_06.10.2019_16_42_20,0.9045454,1,,0.9633687,1,,0.84335387,1,
DOSEESC_EM01_09.20.2017_9_38_41,0.90175056,0,,0.9617218,0,,0.8405185,0,
wholeGBM_002_03_10_2023_03.10.2023_24_31_28,0.90335095,0,,0.96253455,0,,0.84182006,0,
DOSEESC_EM14_05.22.2019_20_32_25,0.90307224,0,,0.96247864,0,,0.84202635,0,
DOSEESC_EM14_05.22.2019_23_33_25,0.9040664,1,,0.96295786,1,,0.84266996,1,
DOSEESC_EM14_05.22.2019_18_44_36,0.90210515,0,,0.96201193,0,,0.84099656,0,
DOSEESC_EM06_03.19.2018_12_31_22,0.9015853,0,,0.9616947,0,,0.8405241,0,
DOSEESC_EM01_09.20.2017_10_41_24,0.9019376,0,,0.9617897,0,,0.84073275,0,
wholeGBM_002_03_10_2023_03.10.2023_21_39_22,0.90230733,0,,0.9621352,0,,0.8411616,0,
DOSEESC_EM14_06.10.2019_13_42_38,0.902373,0,,0.9619976,0,,0.8408052,0,
DOSEESC_EM06_04.13.2018_13_50_35,0.902308,0,,0.9620552,0,,0.84084415,0,
DOSEESC_EM14_05.22.2019_21_44_37,0.90436447,1,,0.96316653,1,,0.8429154,1,
DOSEESC_EM01_10.16.2017_12_17_31,0.9038278,0,,0.9628436,0,,0.84221184,0,
rGBM_004_09_22_2023_09.22.2023_21_21_39,0.90213996,0,,0.9621457,0,,0.84115046,0,
DOSEESC_EM06_04.13.2018_17_45_43,0.9047796,1,,0.9637043,1,,0.8435461,1,
DOSEESC_EM14_05.22.2019_9_42_37,0.9040019,1,,0.9625788,0,,0.843119,1,
wholeGBM_002_03_10_2023_03.10.2023_18_28_28,0.9019287,0,,0.9618905,0,,0.8405309,0,
rGBM_004_09_22_2023_09.22.2023_18_22_39,0.9023794,0,,0.96233416,0,,0.84077585,0,
wholeGBM_002_03_10_2023_03.10.2023_19_33_21,0.9014181,0,,0.9615983,0,,0.84015405,0,
wholeGBM_002_03_10_2023_03.10.2023_21_27_30,0.90156907,0,,0.96159667,0,,0.84080327,0,
rGBM_004_09_22_2023_09.22.2023_21_24_26,0.9018434,0,,0.96177113,0,,0.8406981,0,
DOSEESC_EM14_06.10.2019_19_38_40,0.90335274,0,,0.9626382,0,,0.84228116,0,
DOSEESC_EM06_03.19.2018_14_49_37,0.90242517,0,,0.96204627,0,,0.84126806,0,
DOSEESC_EM14_05.22.2019_24_36_29,0.9036459,0,,0.96276504,0,,0.8424795,0,
DOSEESC_EM01_09.20.2017_11_24_32,0.90397155,1,,0.9629181,0,,0.8426033,1,
DOSEESC_EM14_05.22.2019_23_36_36,0.9035511,0,,0.96279544,0,,0.8425417,0,
DOSEESC_EM14_05.22.2019_10_30_21,0.9026351,0,,0.96231544,0,,0.84131205,0,
DOSEESC_EM01_09.20.2017_11_26_20,0.9035347,0,,0.96251804,0,,0.8425163,0,
DOSEESC_EM14_06.10.2019_19_31_43,0.9026557,0,,0.96226645,0,,0.8414337,0,
DOSEESC_EM14_05.22.2019_10_40_42,0.9040326,1,,0.96306276,1,,0.8428532,1,
DOSEESC_EM01_10.16.2017_17_22_37,0.9030781,0,,0.9624237,0,,0.8417536,0,
DOSEESC_EM06_04.13.2018_21_44_41,0.9045248,1,,0.9633973,1,,0.84335357,1,
DOSEESC_EM01_09.20.2017_18_22_31,0.9040575,1,,0.96296847,1,,0.84286386,1,
DOSEESC_EM06_03.19.2018_9_32_38,0.9020362,0,,0.96201926,0,,0.84112644,0,
DOSEESC_EM14_05.22.2019_22_33_24,0.9039934,1,,0.96285915,0,,0.8425331,0,
DOSEESC_EM14_05.22.2019_11_42_36,0.9047224,1,,0.96345174,1,,0.8432234,1,
DOSEESC_EM14_05.22.2019_15_47_38,0.90324,0,,0.9624766,0,,0.8417703,0,
DOSEESC_EM01_10.16.2017_15_21_29,0.9033324,0,,0.96266365,0,,0.84230965,0,
DOSEESC_EM14_06.10.2019_10_32_23,0.902392,0,,0.9621631,0,,0.84121215,0,
DOSEESC_EM01_10.16.2017_11_22_28,0.90410745,1,,0.96285665,0,,0.842844,1,
DOSEESC_EM01_10.16.2017_13_34_19,0.9032094,0,,0.96271133,0,,0.8424187,0,
DOSEESC_EM01_10.16.2017_19_25_25,0.90438974,1,,0.96326905,1,,0.84292984,1,
DOSEESC_EM01_10.16.2017_10_27_26,0.90287864,0,,0.962536,0,,0.84209806,0,
wholeGBM_002_03_10_2023_03.10.2023_20_35_25,0.90206224,0,,0.96203077,0,,0.84066564,0,
wholeGBM_002_03_10_2023_03.10.2023_24_33_38,0.90252316,0,,0.96197116,0,,0.8411072,0,
DOSEESC_EM01_09.20.2017_15_21_41,0.9030014,0,,0.9623914,0,,0.84152377,0,
DOSEESC_EM14_05.22.2019_8_47_37,0.90419614,1,,0.96293,0,,0.84270906,1,
DOSEESC_EM06_03.19.2018_13_46_41,0.9030005,0,,0.9627811,0,,0.84248906,0,
wholeGBM_002_03_10_2023_03.10.2023_24_30_26,0.9026262,0,,0.9620763,0,,0.84112084,0,
DOSEESC_EM01_09.20.2017_8_27_24,0.90436935,1,,0.963236,1,,0.8427919,1,
DOSEESC_EM01_09.20.2017_9_41_40,0.9021096,0,,0.9619813,0,,0.8410484,0,
DOSEESC_EM01_10.16.2017_12_30_18,0.9036013,0,,0.962899,0,,0.84217155,0,
DOSEESC_EM06_04.13.2018_18_32_37,0.9018887,0,,0.96186006,0,,0.84056675,0,
DOSEESC_EM14_05.22.2019_19_44_37,0.90350425,0,,0.96275824,0,,0.8423956,0,
DOSEESC_EM14_05.22.2019_19_30_20,0.9037403,0,,0.96283615,0,,0.8422796,0,
DOSEESC_EM01_10.16.2017_9_43_38,0.90433437,1,,0.9633778,1,,0.8436095,1,
DOSEESC_EM14_06.10.2019_17_36_44,0.9044386,1,,0.96367884,1,,0.844018,1,
wholeGBM_002_03_10_2023_03.10.2023_22_33_39,0.9021448,0,,0.9619484,0,,0.8409522,0,
DOSEESC_EM01_09.20.2017_19_29_25,0.9041538,1,,0.9631068,1,,0.8426979,1,
DOSEESC_EM01_09.20.2017_20_23_34,0.9042878,1,,0.96318036,1,,0.8427881,1,
rGBM_004_09_22_2023_09.22.2023_20_24_25,0.9018558,0,,0.9616872,0,,0.8405905,0,
DOSEESC_EM14_06.10.2019_22_33_36,0.9029583,0,,0.96257114,0,,0.8420845,0,
DOSEESC_EM14_05.22.2019_13_34_21,0.90307283,0,,0.962512,0,,0.8414575,0,
DOSEESC_EM01_09.20.2017_13_16_34,0.90368587,0,,0.96304035,1,,0.8425158,0,
DOSEESC_EM01_10.16.2017_16_18_30,0.90353984,0,,0.962602,0,,0.842179,0,
DOSEESC_EM14_05.22.2019_18_46_36,0.9038655,1,,0.9628952,0,,0.84263694,1,
DOSEESC_EM14_05.22.2019_17_33_44,0.9043045,1,,0.96309835,1,,0.84277123,1,
DOSEESC_EM06_04.13.2018_12_32_22,0.9015833,0,,0.96178305,0,,0.8404536,0,
wholeGBM_002_03_10_2023_03.10.2023_18_36_24,0.90178996,0,,0.961634,0,,0.8406911,0,
rGBM_004_09_22_2023_09.22.2023_20_27_43,0.9023851,0,,0.96205604,0,,0.84086466,0,
DOSEESC_EM06_03.19.2018_13_42_41,0.902079,0,,0.96187913,0,,0.8406267,0,
DOSEESC_EM14_05.22.2019_19_41_38,0.902853,0,,0.9623653,0,,0.84157974,0,
DOSEESC_EM14_06.10.2019_10_38_41,0.902606,0,,0.9621706,0,,0.8412611,0,
rGBM_004_09_22_2023_09.22.2023_25_30_39,0.9029477,0,,0.9623598,0,,0.8412644,0,
DOSEESC_EM01_09.20.2017_10_23_23,0.9029323,0,,0.9623984,0,,0.8418825,0,
DOSEESC_EM01_10.16.2017_13_19_25,0.9041336,1,,0.96295375,1,,0.8427943,1,
rGBM_004_09_22_2023_09.22.2023_23_26_36,0.9021759,0,,0.96189034,0,,0.84069693,0,
DOSEESC_EM01_09.20.2017_13_16_26,0.9044426,1,,0.9633032,1,,0.8429092,1,
DOSEESC_EM14_06.10.2019_13_35_43,0.90298927,0,,0.9626381,0,,0.84177816,0,
DOSEESC_EM14_05.22.2019_13_38_37,0.90298927,0,,0.96226394,0,,0.8416681,0,
DOSEESC_EM14_06.10.2019_13_44_41,0.90276563,0,,0.9623272,0,,0.8409499,0,
DOSEESC_EM14_06.10.2019_7_41_38,0.9044323,1,,0.9630025,1,,0.84309375,1,
DOSEESC_EM14_06.10.2019_14_34_20,0.9022487,0,,0.9619775,0,,0.84081686,0,
DOSEESC_EM14_05.22.2019_14_45_35,0.9023485,0,,0.96194255,0,,0.8410703,0,
DOSEESC_EM01_09.20.2017_12_25_29,0.90433234,1,,0.9632033,1,,0.8428551,1,
DOSEESC_EM14_06.10.2019_7_46_27,0.9043442,1,,0.96313226,1,,0.84298515,1,
DOSEESC_EM06_03.19.2018_9_31_21,0.90226203,0,,0.962241,0,,0.8414736,0,
DOSEESC_EM14_06.10.2019_18_47_37,0.90457934,1,,0.9633626,1,,0.84312725,1,
DOSEESC_EM01_09.20.2017_7_28_36,0.9044981,1,,0.96355134,1,,0.8432997,1,
DOSEESC_EM01_09.20.2017_9_28_22,0.9031477,0,,0.9625824,0,,0.8421706,0,
DOSEESC_EM14_06.10.2019_12_29_22,0.9018841,0,,0.9618305,0,,0.84078866,0,
DOSEESC_EM14_06.10.2019_21_34_25,0.90155065,0,,0.9615612,0,,0.8402839,0,
rGBM_004_09_22_2023_09.22.2023_22_27_42,0.9019397,0,,0.9619919,0,,0.8404726,0,
DOSEESC_EM06_04.13.2018_10_31_21,0.90189517,0,,0.9619684,0,,0.8407518,0,
DOSEESC_EM14_05.22.2019_14_34_19,0.9048592,1,,0.9640671,1,,0.84490615,1,
DOSEESC_EM06_04.13.2018_22_30_34,0.9038886,1,,0.96297073,1,,0.84248906,0,
DOSEESC_EM06_04.13.2018_12_25_40,0.9044407,1,,0.96291447,0,,0.8425986,1,
wholeGBM_002_03_10_2023_03.10.2023_21_35_39,0.9023468,0,,0.96202964,0,,0.840995,0,
DOSEESC_EM01_09.20.2017_17_29_24,0.9038482,0,,0.9628746,0,,0.8425152,0,
rGBM_004_09_22_2023_09.22.2023_22_25_37,0.90190923,0,,0.96193933,0,,0.84104663,0,
DOSEESC_EM14_05.22.2019_10_34_38,0.9028069,0,,0.96253014,0,,0.84164906,0,
DOSEESC_EM06_04.13.2018_14_50_34,0.9020586,0,,0.96189535,0,,0.84063387,0,
DOSEESC_EM01_09.20.2017_14_18_25,0.90451145,1,,0.9633449,1,,0.8429524,1,
DOSEESC_EM01_09.20.2017_22_27_31,0.9046072,1,,0.963199,1,,0.8430356,1,
DOSEESC_EM01_09.20.2017_9_25_34,0.9044752,1,,0.96331435,1,,0.8433505,1,
DOSEESC_EM06_04.13.2018_21_41_40,0.90403616,1,,0.96303016,1,,0.8428404,1,
DOSEESC_EM06_04.13.2018_16_50_38,0.90317523,0,,0.9626465,0,,0.84279567,1,
DOSEESC_EM14_05.22.2019_15_25_24,0.90267324,0,,0.96216786,0,,0.8413132,0,
DOSEESC_EM01_10.16.2017_18_28_25,0.90369475,0,,0.96275914,0,,0.8421785,0,
DOSEESC_EM14_05.22.2019_21_40_36,0.9039053,1,,0.9627754,0,,0.84237766,0,
DOSEESC_EM14_06.10.2019_18_43_39,0.90254104,0,,0.96219504,0,,0.84126437,0,
rGBM_004_09_22_2023_09.22.2023_24_27_41,0.9025671,0,,0.9624073,0,,0.84123516,0,
wholeGBM_002_03_10_2023_03.10.2023_22_27_24,0.90171975,0,,0.9616984,0,,0.84064734,0,
DOSEESC_EM01_09.20.2017_11_18_24,0.90389645,1,,0.96309865,1,,0.8429653,1,
DOSEESC_EM14_06.10.2019_15_36_19,0.9046105,1,,0.96320534,1,,0.84333193,1,
DOSEESC_EM01_09.20.2017_14_18_33,0.9020006,0,,0.96198654,0,,0.8411773,0,
DOSEESC_EM14_05.22.2019_23_41_33,0.90436304,1,,0.96327275,1,,0.843046,1,
DOSEESC_EM14_06.10.2019_18_31_44,0.9032715,0,,0.96262884,0,,0.84168833,0,
DOSEESC_EM14_05.22.2019_13_30_19,0.90484667,1,,0.96425307,1,,0.8451222,1,
DOSEESC_EM01_10.16.2017_10_21_34,0.9034592,0,,0.9625986,0,,0.84228194,0,
DOSEESC_EM06_03.19.2018_18_46_42,0.90444326,1,,0.9634698,1,,0.8433962,1,
DOSEESC_EM14_05.22.2019_24_30_35,0.9050499,1,,0.96339834,1,,0.84315616,1,
DOSEESC_EM01_10.16.2017_9_20_30,0.9042095,1,,0.9632044,1,,0.8429629,1,
DOSEESC_EM14_06.10.2019_23_31_37,0.90472525,1,,0.9633573,1,,0.84313154,1,
DOSEESC_EM14_06.10.2019_14_48_34,0.902431,0,,0.96214783,0,,0.8407904,0,
DOSEESC_EM14_05.22.2019_15_43_40,0.902198,0,,0.9620198,0,,0.840992,0,
DOSEESC_EM01_10.16.2017_13_41_38,0.9021884,0,,0.9619874,0,,0.84115994,0,
DOSEESC_EM14_06.10.2019_12_33_44,0.90292645,0,,0.962577,0,,0.8416014,0,
DOSEESC_EM14_06.10.2019_10_45_34,0.9043001,1,,0.9631225,1,,0.8429595,1,
wholeGBM_002_03_10_2023_03.10.2023_18_24_27,0.901803,0,,0.9616895,0,,0.8405263,0,
DOSEESC_EM01_10.16.2017_13_27_24,0.90194416,0,,0.96179235,0,,0.8405253,0,
DOSEESC_EM06_04.13.2018_12_39_43,0.9047941,1,,0.96360654,1,,0.843394,1,
DOSEESC_EM14_05.22.2019_20_35_22,0.9035444,0,,0.9626563,0,,0.842109,0,
wholeGBM_002_03_10_2023_03.10.2023_17_25_25,0.90194225,0,,0.9618255,0,,0.8405917,0,
rGBM_004_09_22_2023_09.22.2023_20_27_35,0.9024885,0,,0.9625147,0,,0.84199584,0,
DOSEESC_EM01_10.16.2017_16_19_27,0.90459377,1,,0.963748,1,,0.8432924,1,
DOSEESC_EM14_05.22.2019_10_29_20,0.9028328,0,,0.96242106,0,,0.84134233,0,
DOSEESC_EM01_09.20.2017_15_31_19,0.90485495,1,,0.9638354,1,,0.84339964,1,
DOSEESC_EM06_04.13.2018_12_41_41,0.90285283,0,,0.962382,0,,0.84139633,0,
DOSEESC_EM06_04.13.2018_22_37_38,0.90442574,1,,0.963097,1,,0.8430456,1,
DOSEESC_EM01_10.16.2017_14_18_26,0.90441644,1,,0.9633495,1,,0.8432,1,
DOSEESC_EM14_05.22.2019_10_41_35,0.9042908,1,,0.9632122,1,,0.8430735,1,
DOSEESC_EM06_04.13.2018_22_41_40,0.90467185,1,,0.96348536,1,,0.8432299,1,
wholeGBM_002_03_10_2023_03.10.2023_18_31_26,0.9018078,0,,0.9616315,0,,0.84021914,0,
DOSEESC_EM06_03.19.2018_15_51_34,0.9037512,0,,0.96306247,1,,0.84240437,0,
DOSEESC_EM06_04.13.2018_13_47_38,0.90240335,0,,0.9620985,0,,0.8415039,0,
DOSEESC_EM14_05.22.2019_18_41_42,0.9037426,0,,0.96290684,0,,0.8425805,1,
DOSEESC_EM14_06.10.2019_10_44_38,0.90417606,1,,0.96311396,1,,0.8439056,1,
DOSEESC_EM06_03.19.2018_8_33_24,0.9041672,1,,0.96307766,1,,0.8428071,1,
DOSEESC_EM06_04.13.2018_22_35_38,0.9045965,1,,0.9632986,1,,0.8432555,1,
DOSEESC_EM14_06.10.2019_19_45_33,0.90223205,0,,0.9620083,0,,0.84115136,0,
DOSEESC_EM14_05.22.2019_13_30_23,0.9028309,0,,0.9624489,0,,0.8417362,0,
wholeGBM_002_03_10_2023_03.10.2023_17_28_23,0.90385073,0,,0.9626136,0,,0.8426755,1,
DOSEESC_EM01_10.16.2017_5_27_38,0.90431595,1,,0.9631511,1,,0.84289885,1,
DOSEESC_EM06_04.13.2018_22_36_36,0.90389997,1,,0.962904,0,,0.84259367,1,
rGBM_004_09_22_2023_09.22.2023_22_22_40,0.90308076,0,,0.9629439,0,,0.8424427,0,
DOSEESC_EM01_10.16.2017_15_16_36,0.9042889,1,,0.96306723,1,,0.84284085,1,
DOSEESC_EM01_10.16.2017_8_38_40,0.90363675,0,,0.96272725,0,,0.8425234,0,
DOSEESC_EM06_04.13.2018_14_49_38,0.90277404,0,,0.96237594,0,,0.84180754,0,
DOSEESC_EM01_09.20.2017_17_27_28,0.9024828,0,,0.9620946,0,,0.8411268,0,
DOSEESC_EM06_04.13.2018_18_41_43,0.90269864,0,,0.9625255,0,,0.84193754,0,
DOSEESC_EM14_06.10.2019_21_35_38,0.90276843,0,,0.96214753,0,,0.8413415,0,
DOSEESC_EM01_09.20.2017_15_17_30,0.9038706,1,,0.96287423,0,,0.84250605,0,
DOSEESC_EM06_03.19.2018_18_50_33,0.9049323,1,,0.9634574,1,,0.8432873,1,
DOSEESC_EM01_09.20.2017_11_21_31,0.90403986,1,,0.9631063,1,,0.84282225,1,
DOSEESC_EM14_06.10.2019_15_38_42,0.9028247,0,,0.9621805,0,,0.84113663,0,
DOSEESC_EM14_06.10.2019_8_47_28,0.9044544,1,,0.96331376,1,,0.8435019,1,
DOSEESC_EM14_06.10.2019_12_38_43,0.9026804,0,,0.9622754,0,,0.8413185,0,
DOSEESC_EM01_09.20.2017_14_20_31,0.9027251,0,,0.96230763,0,,0.8416382,0,
DOSEESC_EM01_09.20.2017_13_18_27,0.90380764,0,,0.96284926,0,,0.84257877,1,
rGBM_004_09_22_2023_09.22.2023_21_25_37,0.901674,0,,0.9617796,0,,0.8405627,0,
DOSEESC_EM06_03.19.2018_17_40_43,0.9044797,1,,0.9632689,1,,0.84282243,1,
DOSEESC_EM06_04.13.2018_12_42_43,0.9031657,0,,0.962659,0,,0.842546,0,
DOSEESC_EM01_09.20.2017_11_41_41,0.90311205,0,,0.9624486,0,,0.84210414,0,
DOSEESC_EM01_09.20.2017_17_26_24,0.902396,0,,0.9621237,0,,0.84108,0,
DOSEESC_EM01_10.16.2017_11_19_25,0.9036892,0,,0.9628126,0,,0.8424201,0,
rGBM_004_09_22_2023_09.22.2023_23_34_38,0.9019122,0,,0.9618212,0,,0.84101486,0,
DOSEESC_EM01_09.20.2017_16_44_35,0.90238017,0,,0.96201116,0,,0.8410853,0,
DOSEESC_EM14_06.10.2019_21_25_33,0.9022856,0,,0.9619873,0,,0.84081155,0,
DOSEESC_EM14_06.10.2019_18_47_33,0.90436125,1,,0.9632061,1,,0.84304583,1,
DOSEESC_EM01_09.20.2017_15_45_32,0.9034482,0,,0.9626762,0,,0.8421394,0,
DOSEESC_EM01_09.20.2017_14_32_20,0.90253687,0,,0.9622803,0,,0.8412536,0,
rGBM_004_09_22_2023_09.22.2023_19_21_28,0.9036269,0,,0.96291494,0,,0.84279615,1,
DOSEESC_EM14_06.10.2019_19_26_40,0.90205365,0,,0.9617899,0,,0.84071696,0,
DOSEESC_EM01_10.16.2017_11_30_23,0.9023975,0,,0.96206725,0,,0.84084797,0,
DOSEESC_EM06_03.19.2018_17_47_41,0.90441227,1,,0.9631885,1,,0.84313333,1,
DOSEESC_EM14_05.22.2019_16_44_37,0.9025823,0,,0.96214277,0,,0.8412312,0,
DOSEESC_EM06_03.19.2018_11_45_40,0.90213567,0,,0.9622289,0,,0.84152573,0,
rGBM_004_09_22_2023_09.22.2023_22_22_32,0.9038623,0,,0.9627002,0,,0.8420412,0,
wholeGBM_002_03_10_2023_03.10.2023_21_34_34,0.9019996,0,,0.96189463,0,,0.8406434,0,
DOSEESC_EM06_03.19.2018_12_36_44,0.90454996,1,,0.9635401,1,,0.8433016,1,
DOSEESC_EM14_05.22.2019_7_42_39,0.90499336,1,,0.9638178,1,,0.8444789,1,
DOSEESC_EM06_03.19.2018_8_35_23,0.90452147,1,,0.9634695,1,,0.84363526,1,
DOSEESC_EM06_03.19.2018_14_44_36,0.9015411,0,,0.96156466,0,,0.8405758,0,
DOSEESC_EM14_06.10.2019_23_42_35,0.90412986,1,,0.9629942,1,,0.8426657,1,
DOSEESC_EM14_05.22.2019_15_48_38,0.9036762,0,,0.9627584,0,,0.84200776,0,
wholeGBM_002_03_10_2023_03.10.2023_19_31_28,0.90192586,0,,0.9617715,0,,0.840885,0,
DOSEESC_EM14_06.10.2019_20_38_41,0.904613,1,,0.96328104,1,,0.8429599,1,
DOSEESC_EM14_06.10.2019_19_31_20,0.9053227,1,,0.9644362,1,,0.8448151,1,
DOSEESC_EM01_10.16.2017_15_15_30,0.9040287,1,,0.9631852,1,,0.8426504,1,
DOSEESC_EM06_04.13.2018_24_42_38,0.9045332,1,,0.96351016,1,,0.843094,1,
DOSEESC_EM01_10.16.2017_19_22_26,0.9047244,1,,0.9633519,1,,0.84328336,1,
DOSEESC_EM06_04.13.2018_12_36_43,0.90458584,1,,0.96368295,1,,0.84309644,1,
DOSEESC_EM01_09.20.2017_16_31_19,0.90485954,1,,0.96391296,1,,0.8435503,1,
DOSEESC_EM14_05.22.2019_9_39_36,0.9044307,1,,0.96361274,1,,0.84398043,1,
DOSEESC_EM14_05.22.2019_6_43_37,0.9041029,1,,0.96315193,1,,0.84284794,1,
DOSEESC_EM14_06.10.2019_23_35_38,0.9047796,1,,0.9638155,1,,0.843544,1,
DOSEESC_EM01_10.16.2017_10_28_19,0.90353173,0,,0.96267927,0,,0.8419914,0,
rGBM_004_09_22_2023_09.22.2023_17_26_36,0.9044417,1,,0.96337765,1,,0.8430606,1,
DOSEESC_EM14_06.10.2019_13_41_42,0.9021059,0,,0.96192014,0,,0.8407871,0,
DOSEESC_EM14_05.22.2019_16_47_34,0.9023756,0,,0.96206826,0,,0.8411915,0,
DOSEESC_EM01_09.20.2017_20_26_28,0.9035266,0,,0.96270096,0,,0.84220886,0,
DOSEESC_EM14_05.22.2019_15_38_39,0.90238047,0,,0.96199876,0,,0.8411298,0,
rGBM_004_09_22_2023_09.22.2023_25_27_34,0.90198165,0,,0.9617305,0,,0.8406274,0,
DOSEESC_EM14_05.22.2019_22_32_25,0.9041317,1,,0.96293914,0,,0.84281045,1,
DOSEESC_EM14_05.22.2019_15_30_19,0.90295994,0,,0.96228635,0,,0.84091914,0,
DOSEESC_EM01_09.20.2017_17_25_41,0.9036654,0,,0.9628525,0,,0.8424288,0,
DOSEESC_EM06_04.13.2018_11_39_40,0.9046939,1,,0.96349764,1,,0.84316856,1,
DOSEESC_EM01_10.16.2017_11_19_33,0.90341836,0,,0.962619,0,,0.84221256,0,
DOSEESC_EM14_06.10.2019_13_35_22,0.9025842,0,,0.9621793,0,,0.8409325,0,
DOSEESC_EM01_10.16.2017_17_23_38,0.9033459,0,,0.9626805,0,,0.84205306,0,
DOSEESC_EM06_03.19.2018_14_45_43,0.90393037,1,,0.9631273,1,,0.8430039,1,
DOSEESC_EM14_05.22.2019_8_43_26,0.9045621,1,,0.9635695,1,,0.8434895,1,
DOSEESC_EM14_06.10.2019_11_42_35,0.9031061,0,,0.9624346,0,,0.8414375,0,
DOSEESC_EM01_10.16.2017_14_29_22,0.90287876,0,,0.96225786,0,,0.84116125,0,
DOSEESC_EM01_10.16.2017_14_45_32,0.90482986,1,,0.9631773,1,,0.8430157,1,
DOSEESC_EM14_05.22.2019_23_32_26,0.9042734,1,,0.9630011,1,,0.842745,1,
wholeGBM_002_03_10_2023_03.10.2023_23_34_33,0.90222865,0,,0.96191424,0,,0.8408758,0,
DOSEESC_EM06_03.19.2018_20_45_41,0.9043295,1,,0.9634873,1,,0.8431698,1,
DOSEESC_EM01_10.16.2017_10_41_41,0.9032666,0,,0.96244496,0,,0.8417945,0,
DOSEESC_EM01_09.20.2017_11_42_39,0.9019086,0,,0.9616947,0,,0.84031314,0,
DOSEESC_EM06_03.19.2018_14_47_38,0.90257084,0,,0.96208686,0,,0.8414774,0,
DOSEESC_EM14_05.22.2019_10_32_43,0.9047826,1,,0.9635501,1,,0.84348166,1,
DOSEESC_EM01_10.16.2017_12_17_27,0.90409297,1,,0.96294755,0,,0.8427104,1,
DOSEESC_EM01_09.20.2017_16_22_36,0.9030856,0,,0.96243316,0,,0.8415839,0,
DOSEESC_EM14_05.22.2019_16_47_38,0.9037449,0,,0.96277297,0,,0.84226876,0,
DOSEESC_EM14_05.22.2019_15_31_19,0.9031836,0,,0.9625282,0,,0.84154356,0,
DOSEESC_EM14_05.22.2019_16_35_41,0.9024126,0,,0.9621273,0,,0.8413294,0,
DOSEESC_EM14_05.22.2019_8_43_36,0.9043182,1,,0.96346265,1,,0.8437317,1,
DOSEESC_EM01_09.20.2017_9_40_36,0.9016448,0,,0.96176004,0,,0.84071004,0,
DOSEESC_EM14_05.22.2019_16_35_19,0.90311176,0,,0.9627042,0,,0.8417571,0,
DOSEESC_EM01_09.20.2017_16_20_38,0.9032291,0,,0.9624715,0,,0.8416947,0,
DOSEESC_EM14_05.22.2019_20_29_37,0.9032973,0,,0.9625263,0,,0.84192574,0,
DOSEESC_EM01_09.20.2017_19_41_37,0.904085,1,,0.96291417,0,,0.84235984,0,
DOSEESC_EM14_05.22.2019_19_36_20,0.9046432,1,,0.96377146,1,,0.84410876,1,
wholeGBM_002_03_10_2023_03.10.2023_19_27_22,0.9032651,0,,0.9628086,0,,0.842378,0,
DOSEESC_EM01_09.20.2017_18_25_26,0.90254575,0,,0.9621957,0,,0.8412005,0,
DOSEESC_EM01_09.20.2017_20_21_28,0.9045092,1,,0.9631921,1,,0.84325296,1,
DOSEESC_EM14_06.10.2019_21_30_37,0.904144,1,,0.9630619,1,,0.842908,1,
DOSEESC_EM01_10.16.2017_13_44_36,0.90282774,0,,0.9623146,0,,0.8413599,0,
DOSEESC_EM01_09.20.2017_15_42_36,0.9017787,0,,0.9615439,0,,0.8403368,0,
DOSEESC_EM01_09.20.2017_13_38_43,0.9034988,0,,0.96271574,0,,0.84220344,0,
DOSEESC_EM14_05.22.2019_9_42_26,0.90450823,1,,0.9636189,1,,0.8442553,1,
DOSEESC_EM01_10.16.2017_14_25_21,0.90307665,0,,0.96233046,0,,0.84159553,0,
DOSEESC_EM14_05.22.2019_21_27_28,0.90316933,0,,0.9623889,0,,0.8416959,0,
DOSEESC_EM14_06.10.2019_13_43_38,0.9020419,0,,0.9619751,0,,0.84076786,0,
DOSEESC_EM06_03.19.2018_9_35_23,0.9029562,0,,0.96230805,0,,0.8414588,0,
DOSEESC_EM14_06.10.2019_13_49_36,0.9053812,1,,0.9642757,1,,0.8448354,1,
DOSEESC_EM01_10.16.2017_9_23_30,0.90426683,1,,0.963442,1,,0.84319764,1,
DOSEESC_EM06_03.19.2018_11_39_42,0.90458935,1,,0.96333283,1,,0.84318286,1,
rGBM_004_09_22_2023_09.22.2023_24_26_34,0.90182,0,,0.9617151,0,,0.8404673,0,
DOSEESC_EM14_06.10.2019_18_34_44,0.90472376,1,,0.9642127,1,,0.84494555,1,
DOSEESC_EM14_06.10.2019_21_35_42,0.9039672,1,,0.96279526,0,,0.8425314,0,
rGBM_004_09_22_2023_09.22.2023_24_29_34,0.9016531,0,,0.96159756,0,,0.8405162,0,
rGBM_004_09_22_2023_09.22.2023_22_25_25,0.90169936,0,,0.96165144,0,,0.84028214,0,
DOSEESC_EM01_09.20.2017_9_44_36,0.9035739,0,,0.9626134,0,,0.8422202,0,
DOSEESC_EM14_05.22.2019_16_34_22,0.90260106,0,,0.96224594,0,,0.8414017,0,
DOSEESC_EM01_10.16.2017_9_41_41,0.90360165,0,,0.9626444,0,,0.8422638,0,
DOSEESC_EM06_03.19.2018_10_40_39,0.9033885,0,,0.96267146,0,,0.8422297,0,
DOSEESC_EM01_10.16.2017_8_39_40,0.9040251,1,,0.96303797,1,,0.84288394,1,
DOSEESC_EM06_04.13.2018_18_34_37,0.9023099,0,,0.96200144,0,,0.84113896,0,
DOSEESC_EM14_05.22.2019_23_37_31,0.90446025,1,,0.9633479,1,,0.8430203,1,
DOSEESC_EM14_05.22.2019_11_29_21,0.90280277,0,,0.9622472,0,,0.84125566,0,
DOSEESC_EM14_06.10.2019_17_32_43,0.9024339,0,,0.96206045,0,,0.8412396,0,
DOSEESC_EM14_06.10.2019_14_42_42,0.9023321,0,,0.96196336,0,,0.8406564,0,
DOSEESC_EM06_04.13.2018_18_45_40,0.9031493,0,,0.9624958,0,,0.8420008,0,
DOSEESC_EM14_05.22.2019_13_37_38,0.902026,0,,0.96175575,0,,0.8408431,0,
rGBM_004_09_22_2023_09.22.2023_18_25_36,0.9041506,1,,0.9633236,1,,0.84294784,1,
DOSEESC_EM06_04.13.2018_19_33_42,0.9034899,0,,0.96266097,0,,0.8421321,0,
DOSEESC_EM14_05.22.2019_10_39_37,0.9038622,0,,0.9628382,0,,0.84280145,1,
DOSEESC_EM06_03.19.2018_18_43_41,0.9023879,0,,0.9620886,0,,0.8414217,0,
DOSEESC_EM14_05.22.2019_12_39_37,0.9027737,0,,0.96221334,0,,0.841582,0,
DOSEESC_EM06_03.19.2018_14_43_41,0.90150183,0,,0.96187145,0,,0.84093696,0,
DOSEESC_EM06_04.13.2018_12_27_23,0.9021956,0,,0.9619236,0,,0.8406952,0,
DOSEESC_EM06_03.19.2018_12_26_38,0.90222806,0,,0.96187466,0,,0.84052217,0,
wholeGBM_002_03_10_2023_03.10.2023_24_36_27,0.9038723,1,,0.9629477,0,,0.84270066,1,
DOSEESC_EM01_09.20.2017_9_40_22,0.9019672,0,,0.96181667,0,,0.840718,0,
rGBM_004_09_22_2023_09.22.2023_26_24_33,0.9030279,0,,0.96268225,0,,0.84238863,0,
DOSEESC_EM01_09.20.2017_11_25_26,0.9041831,1,,0.9631084,1,,0.84275305,1,
DOSEESC_EM14_05.22.2019_15_47_34,0.902174,0,,0.9619628,0,,0.84104127,0,
DOSEESC_EM01_10.16.2017_19_23_26,0.90482664,1,,0.96349305,1,,0.84330446,1,
DOSEESC_EM06_03.19.2018_23_40_40,0.90475357,1,,0.96362364,1,,0.8433202,1,
DOSEESC_EM14_06.10.2019_20_33_20,0.9049386,1,,0.96349984,1,,0.8438468,1,
DOSEESC_EM14_06.10.2019_17_35_41,0.9022274,0,,0.9619932,0,,0.840923,0,
DOSEESC_EM06_03.19.2018_13_38_44,0.9051386,1,,0.96401024,1,,0.8434065,1,
DOSEESC_EM14_06.10.2019_24_32_33,0.902524,0,,0.9621437,0,,0.8414103,0,
DOSEESC_EM06_03.19.2018_15_50_36,0.9030546,0,,0.9626404,0,,0.8418355,0,
DOSEESC_EM01_09.20.2017_17_23_23,0.9046726,1,,0.9634594,1,,0.8434079,1,
DOSEESC_EM14_06.10.2019_20_38_37,0.9021579,0,,0.96180475,0,,0.8405585,0,
DOSEESC_EM06_04.13.2018_11_34_20,0.90234965,0,,0.96199226,0,,0.84104663,0,
DOSEESC_EM06_04.13.2018_23_38_40,0.9042405,1,,0.9635023,1,,0.84313977,1,
DOSEESC_EM14_06.10.2019_13_43_42,0.90293884,0,,0.9623827,0,,0.8411805,0,
rGBM_004_09_22_2023_09.22.2023_18_23_26,0.9032445,0,,0.9624109,0,,0.8413628,0,
DOSEESC_EM01_09.20.2017_13_44_35,0.90171945,0,,0.9616418,0,,0.84055865,0,
DOSEESC_EM14_06.10.2019_21_36_39,0.90402806,1,,0.9632678,1,,0.8426917,1,
DOSEESC_EM14_05.22.2019_18_35_39,0.90222806,0,,0.9619802,0,,0.84108704,0,
DOSEESC_EM14_06.10.2019_9_45_33,0.9039488,1,,0.9628245,0,,0.8423165,0,
DOSEESC_EM14_05.22.2019_21_38_41,0.9047046,1,,0.96343833,1,,0.84312934,1,
DOSEESC_EM14_05.22.2019_10_43_35,0.904111,1,,0.96288216,0,,0.8431678,1,
DOSEESC_EM14_05.22.2019_22_25_32,0.9043692,1,,0.96313584,1,,0.84291667,1,
wholeGBM_002_03_10_2023_03.10.2023_17_26_26,0.9017151,0,,0.9616394,0,,0.8407219,0,
DOSEESC_EM01_10.16.2017_9_27_21,0.90329313,0,,0.9624025,0,,0.8422251,0,
DOSEESC_EM14_05.22.2019_14_47_36,0.90206146,0,,0.9619584,0,,0.8409885,0,
DOSEESC_EM14_05.22.2019_12_44_40,0.9044291,1,,0.96322787,1,,0.843232,1,
DOSEESC_EM01_10.16.2017_11_17_31,0.903862,0,,0.9628444,0,,0.84244186,0,
DOSEESC_EM14_05.22.2019_7_45_27,0.90431654,1,,0.96304905,1,,0.8430036,1,
DOSEESC_EM14_06.10.2019_16_48_37,0.90457547,1,,0.9632039,1,,0.8432168,1,
rGBM_004_09_22_2023_09.22.2023_20_20_36,0.9032671,0,,0.96253,0,,0.841856,0,
DOSEESC_EM14_06.10.2019_17_29_19,0.9041535,1,,0.96378005,1,,0.844518,1,
DOSEESC_EM14_05.22.2019_17_38_39,0.90282726,0,,0.9623362,0,,0.84143096,0,
DOSEESC_EM01_09.20.2017_17_17_34,0.9045189,1,,0.9632718,1,,0.84317285,1,
DOSEESC_EM14_05.22.2019_21_34_25,0.90305644,0,,0.96235573,0,,0.8418921,0,
wholeGBM_002_03_10_2023_03.10.2023_20_36_25,0.9019346,0,,0.9618203,0,,0.8405469,0,
wholeGBM_002_03_10_2023_03.10.2023_19_35_23,0.90157384,0,,0.96155584,0,,0.84032166,0,
DOSEESC_EM01_09.20.2017_15_26_20,0.9030899,0,,0.96236926,0,,0.841942,0,
DOSEESC_EM01_10.16.2017_11_16_31,0.9039775,1,,0.96296275,1,,0.8425501,0,
DOSEESC_EM01_10.16.2017_13_46_34,0.90504247,1,,0.96446645,1,,0.8454293,1,
wholeGBM_002_03_10_2023_03.10.2023_23_28_23,0.9022733,0,,0.96197,0,,0.841091,0,
DOSEESC_EM14_05.22.2019_12_48_36,0.90447485,1,,0.96327704,1,,0.8425355,0,
DOSEESC_EM01_09.20.2017_18_43_36,0.9038372,0,,0.96291244,0,,0.8425229,0,
rGBM_004_09_22_2023_09.22.2023_23_32_39,0.9025213,0,,0.96225035,0,,0.84194964,0,
DOSEESC_EM14_05.22.2019_12_34_19,0.90517414,1,,0.9634825,1,,0.8438714,1,
rGBM_004_09_22_2023_09.22.2023_20_32_41,0.9021179,0,,0.9620426,0,,0.84117615,0,
DOSEESC_EM06_03.19.2018_11_41_38,0.9024103,0,,0.9622038,0,,0.8411213,0,
DOSEESC_EM01_09.20.2017_15_27_24,0.90189904,0,,0.9617327,0,,0.84078777,0,
DOSEESC_EM14_05.22.2019_12_34_44,0.90336263,0,,0.9626724,0,,0.84169847,0,
DOSEESC_EM14_06.10.2019_23_27_33,0.90351933,0,,0.96261454,0,,0.8420385,0,
rGBM_004_09_22_2023_09.22.2023_18_22_35,0.90454006,1,,0.96352386,1,,0.843105,1,
DOSEESC_EM06_04.13.2018_13_25_25,0.90249616,0,,0.9620927,0,,0.8409337,0,
DOSEESC_EM06_03.19.2018_17_45_42,0.90463734,1,,0.9637138,1,,0.8435828,1,
rGBM_004_09_22_2023_09.22.2023_25_33_34,0.90222055,0,,0.9620649,0,,0.8411253,0,
DOSEESC_EM14_06.10.2019_13_47_39,0.9034958,0,,0.96288663,0,,0.84211177,0,
DOSEESC_EM06_04.13.2018_15_49_40,0.9044878,1,,0.96368533,1,,0.84370387,1,
DOSEESC_EM01_09.20.2017_12_28_25,0.90326583,0,,0.96247387,0,,0.8416686,0,
DOSEESC_EM01_10.16.2017_12_19_33,0.90350246,0,,0.9626194,0,,0.84211445,0,
rGBM_004_09_22_2023_09.22.2023_22_22_36,0.9033766,0,,0.9625552,0,,0.84173024,0,
DOSEESC_EM06_03.19.2018_19_36_43,0.904322,1,,0.9630478,1,,0.8432231,1,
DOSEESC_EM14_05.22.2019_20_39_38,0.9035137,0,,0.9627922,0,,0.8423866,0,
DOSEESC_EM01_10.16.2017_8_22_33,0.90431225,1,,0.9631554,1,,0.84301406,1,
DOSEESC_EM01_10.16.2017_15_18_28,0.90455306,1,,0.9633282,1,,0.84319925,1,
DOSEESC_EM14_05.22.2019_23_33_35,0.90365124,0,,0.9627533,0,,0.8423289,0,
DOSEESC_EM06_04.13.2018_24_33_33,0.90436316,1,,0.96328175,1,,0.84309024,1,
DOSEESC_EM14_06.10.2019_10_37_44,0.9045509,1,,0.963394,1,,0.8433281,1,
DOSEESC_EM14_06.10.2019_8_45_23,0.90469027,1,,0.9632705,1,,0.84325236,1,
rGBM_004_09_22_2023_09.22.2023_23_30_38,0.9025281,0,,0.96213293,0,,0.841778,0,
DOSEESC_EM06_04.13.2018_20_40_39,0.9034255,0,,0.9627617,0,,0.842334,0,
DOSEESC_EM14_06.10.2019_22_32_36,0.9038429,0,,0.96293336,0,,0.84269047,1,
DOSEESC_EM01_09.20.2017_13_31_22,0.90249556,0,,0.9620802,0,,0.8411498,0,
wholeGBM_002_03_10_2023_03.10.2023_23_37_24,0.90322256,0,,0.9625198,0,,0.8416103,0,
DOSEESC_EM01_09.20.2017_15_18_38,0.90337336,0,,0.9625486,0,,0.8413502,0,
wholeGBM_002_03_10_2023_03.10.2023_24_35_37,0.90321493,0,,0.9625225,0,,0.8417821,0,
DOSEESC_EM01_10.16.2017_9_26_20,0.90415144,1,,0.96306515,1,,0.8428834,1,
rGBM_004_09_22_2023_09.22.2023_22_32_35,0.9020324,0,,0.96192724,0,,0.84082043,0,
DOSEESC_EM14_06.10.2019_16_36_41,0.9025318,0,,0.9621622,0,,0.8413599,0,
DOSEESC_EM14_06.10.2019_12_36_20,0.90335864,0,,0.9627242,0,,0.8417448,0,
DOSEESC_EM14_05.22.2019_9_47_35,0.90468824,1,,0.96358764,1,,0.84390944,1,
DOSEESC_EM01_10.16.2017_10_20_31,0.90344745,0,,0.9627744,0,,0.84240663,0,
DOSEESC_EM14_06.10.2019_24_30_27,0.90471506,1,,0.96335256,1,,0.84306145,1,
DOSEESC_EM14_06.10.2019_22_36_37,0.9029134,0,,0.962464,0,,0.84173363,0,
DOSEESC_EM14_06.10.2019_19_42_40,0.9040907,1,,0.96295416,1,,0.84262496,1,
DOSEESC_EM14_06.10.2019_10_39_35,0.90397036,1,,0.9630723,1,,0.8425848,1,
DOSEESC_EM01_09.20.2017_14_20_35,0.90214473,0,,0.9620118,0,,0.84084594,0,
DOSEESC_EM06_04.13.2018_24_37_37,0.90445757,1,,0.9634159,1,,0.84319943,1,
DOSEESC_EM06_04.13.2018_21_28_35,0.9034395,0,,0.96268797,0,,0.8422369,0,
DOSEESC_EM14_06.10.2019_12_37_41,0.90210474,0,,0.9617532,0,,0.84049416,0,
DOSEESC_EM06_04.13.2018_10_26_38,0.9035839,0,,0.9627787,0,,0.8422163,0,
DOSEESC_EM06_03.19.2018_22_29_38,0.90447724,1,,0.96332186,1,,0.84325755,1,
DOSEESC_EM14_05.22.2019_17_41_39,0.90243256,0,,0.9621213,0,,0.8412186,0,
DOSEESC_EM14_06.10.2019_10_34_39,0.90291244,0,,0.9624168,0,,0.84147155,0,
wholeGBM_002_03_10_2023_03.10.2023_24_26_31,0.9020132,0,,0.9617656,0,,0.8413738,0,
DOSEESC_EM01_10.16.2017_9_36_41,0.90446794,1,,0.96351117,1,,0.8435362,1,
DOSEESC_EM14_05.22.2019_10_46_35,0.9043814,1,,0.9635831,1,,0.84376776,1,
DOSEESC_EM14_05.22.2019_20_31_23,0.9034602,0,,0.96255124,0,,0.8420254,0,
DOSEESC_EM14_05.22.2019_7_43_35,0.9045326,1,,0.96350574,1,,0.84327316,1,
DOSEESC_EM06_04.13.2018_19_30_39,0.90176,0,,0.961771,0,,0.8406531,0,
DOSEESC_EM01_10.16.2017_13_18_28,0.90352994,0,,0.96274006,0,,0.8419503,0,
wholeGBM_002_03_10_2023_03.10.2023_20_25_25,0.9016541,0,,0.96168435,0,,0.8402771,0,
DOSEESC_EM14_06.10.2019_23_36_31,0.9026847,0,,0.96213686,0,,0.84153473,0,
DOSEESC_EM14_05.22.2019_13_37_19,0.90382975,0,,0.9630124,1,,0.8425396,0,
DOSEESC_EM06_04.13.2018_16_50_34,0.9050485,1,,0.963768,1,,0.8442211,1,
DOSEESC_EM14_06.10.2019_15_45_36,0.90221995,0,,0.9618554,0,,0.84050643,0,
rGBM_004_09_22_2023_09.22.2023_23_30_28,0.90195006,0,,0.9618704,0,,0.8411457,0,
DOSEESC_EM14_05.22.2019_10_44_27,0.9047462,1,,0.96324646,1,,0.8432063,1,
DOSEESC_EM01_09.20.2017_19_26_23,0.9047249,1,,0.9635927,1,,0.8436195,1,
DOSEESC_EM06_03.19.2018_19_43_42,0.9036967,0,,0.96312654,1,,0.84303635,1,
DOSEESC_EM01_09.20.2017_12_27_26,0.9040127,1,,0.962858,0,,0.8422922,0,
DOSEESC_EM14_05.22.2019_9_41_34,0.9035059,0,,0.9627077,0,,0.8422186,0,
DOSEESC_EM01_09.20.2017_16_22_23,0.904782,1,,0.96360457,1,,0.8435046,1,
DOSEESC_EM14_06.10.2019_12_39_38,0.9025332,0,,0.962059,0,,0.8410637,0,
DOSEESC_EM01_09.20.2017_13_27_23,0.9024059,0,,0.96186733,0,,0.84092486,0,
DOSEESC_EM14_05.22.2019_14_29_21,0.90268916,0,,0.9622582,0,,0.8414192,0,
DOSEESC_EM06_04.13.2018_17_48_39,0.9048459,1,,0.96360797,1,,0.84317696,1,
DOSEESC_EM01_10.16.2017_17_20_28,0.90435153,1,,0.96304256,1,,0.84289515,1,
DOSEESC_EM14_06.10.2019_6_45_26,0.9043213,1,,0.963079,1,,0.84308606,1,
rGBM_004_09_22_2023_09.22.2023_22_27_30,0.9017066,0,,0.9616822,0,,0.8405787,0,
DOSEESC_EM14_06.10.2019_9_43_39,0.9038472,0,,0.9629618,1,,0.84340316,1,
DOSEESC_EM01_10.16.2017_14_17_29,0.9040221,1,,0.9630281,1,,0.8426348,1,
DOSEESC_EM14_05.22.2019_13_49_35,0.9046934,1,,0.96330965,1,,0.84308326,1,
DOSEESC_EM14_06.10.2019_17_40_41,0.9027972,0,,0.96227694,0,,0.84139186,0,
DOSEESC_EM01_09.20.2017_17_16_30,0.90455854,1,,0.96332705,1,,0.8429359,1,
DOSEESC_EM14_06.10.2019_21_26_38,0.90471077,1,,0.9633293,1,,0.84317607,1,
DOSEESC_EM14_06.10.2019_17_39_42,0.903014,0,,0.9625837,0,,0.8418964,0,
DOSEESC_EM06_03.19.2018_16_50_36,0.9046934,1,,0.9636343,1,,0.8435141,1,
DOSEESC_EM01_10.16.2017_13_16_33,0.90416175,1,,0.9630621,1,,0.8427657,1,
DOSEESC_EM14_05.22.2019_11_34_45,0.90486896,1,,0.9634298,1,,0.84339464,1,
DOSEESC_EM14_05.22.2019_15_37_42,0.90259516,0,,0.96219844,0,,0.8410959,0,
DOSEESC_EM14_05.22.2019_13_31_22,0.90273494,0,,0.9623621,0,,0.8415144,0,
DOSEESC_EM06_04.13.2018_15_49_36,0.9023895,0,,0.9622861,0,,0.8414177,0,
DOSEESC_EM01_09.20.2017_15_46_33,0.90368664,0,,0.9628272,0,,0.84215415,0,
rGBM_004_09_22_2023_09.22.2023_21_27_36,0.90178835,0,,0.9616987,0,,0.8401151,0,
DOSEESC_EM14_06.10.2019_18_37_42,0.90332115,0,,0.96264666,0,,0.8419652,0,
DOSEESC_EM01_09.20.2017_12_41_39,0.9015955,0,,0.9615711,0,,0.84043676,0,
DOSEESC_EM01_10.16.2017_15_20_35,0.9036573,0,,0.9627997,0,,0.8422624,0,
DOSEESC_EM01_10.16.2017_19_27_25,0.9039137,1,,0.96304464,1,,0.8425865,1,
DOSEESC_EM01_09.20.2017_12_19_28,0.9035781,0,,0.96268904,0,,0.8423004,0,
DOSEESC_EM01_10.16.2017_16_45_33,0.90509844,1,,0.963792,1,,0.84380543,1,
DOSEESC_EM01_10.16.2017_8_44_36,0.9045561,1,,0.9635912,1,,0.8434814,1,
DOSEESC_EM01_09.20.2017_15_42_40,0.90456545,1,,0.963947,1,,0.8439399,1,
DOSEESC_EM01_09.20.2017_12_39_19,0.9044574,1,,0.9639403,1,,0.8443898,1,
DOSEESC_EM06_03.19.2018_13_43_36,0.9014572,0,,0.961644,0,,0.84054357,0,
DOSEESC_EM14_06.10.2019_24_37_37,0.9048209,1,,0.9636405,1,,0.8433274,1,
DOSEESC_EM01_10.16.2017_13_24_20,0.90344846,0,,0.9626573,0,,0.8424858,0,
DOSEESC_EM06_03.19.2018_20_39_44,0.90448856,1,,0.9634422,1,,0.84368265,1,
DOSEESC_EM14_05.22.2019_18_32_19,0.9045308,1,,0.9637335,1,,0.84433174,1,
DOSEESC_EM06_03.19.2018_12_44_37,0.9016873,0,,0.9616625,0,,0.84049284,0,
wholeGBM_002_03_10_2023_03.10.2023_20_31_28,0.901961,0,,0.96177185,0,,0.8408388,0,
DOSEESC_EM01_10.16.2017_13_25_20,0.9030191,0,,0.9624561,0,,0.8419949,0,
DOSEESC_EM01_10.16.2017_11_29_22,0.90251553,0,,0.96230096,0,,0.8408106,0,
DOSEESC_EM06_04.13.2018_9_34_40,0.9046544,1,,0.96363145,1,,0.8433574,1,
DOSEESC_EM14_05.22.2019_7_46_28,0.9041813,1,,0.9630831,1,,0.84322625,1,
DOSEESC_EM01_09.20.2017_13_21_30,0.9039028,1,,0.96290284,0,,0.8426137,1,
DOSEESC_EM01_09.20.2017_17_42_37,0.90293616,0,,0.9624033,0,,0.84163797,0,
DOSEESC_EM14_06.10.2019_18_45_34,0.90208066,0,,0.9619082,0,,0.8408054,0,
DOSEESC_EM01_09.20.2017_12_33_19,0.9023353,0,,0.9620112,0,,0.8410239,0,
DOSEESC_EM14_06.10.2019_14_42_38,0.90243137,0,,0.96206033,0,,0.8408974,0,
DOSEESC_EM14_06.10.2019_9_36_40,0.904956,1,,0.96358836,1,,0.8434027,1,
DOSEESC_EM01_10.16.2017_14_15_30,0.9042512,1,,0.96314317,1,,0.8430694,1,
DOSEESC_EM06_04.13.2018_17_50_35,0.9048874,1,,0.9636161,1,,0.8436669,1,
DOSEESC_EM01_10.16.2017_18_26_31,0.90372884,0,,0.96275395,0,,0.8421407,0,
DOSEESC_EM14_05.22.2019_22_29_30,0.90321857,0,,0.9624674,0,,0.8420247,0,
DOSEESC_EM14_06.10.2019_15_35_20,0.90250957,0,,0.96220666,0,,0.8411854,0,
DOSEESC_EM01_10.16.2017_10_19_31,0.90323097,0,,0.9624937,0,,0.84193975,0,
DOSEESC_EM06_04.13.2018_19_28_38,0.90237886,0,,0.9621255,0,,0.8412858,0,
DOSEESC_EM01_09.20.2017_14_45_37,0.9034163,0,,0.96257436,0,,0.8421434,0,
DOSEESC_EM01_10.16.2017_13_23_22,0.9029169,0,,0.9623103,0,,0.8414095,0,
rGBM_004_09_22_2023_09.22.2023_20_23_34,0.90460175,1,,0.9635118,1,,0.8431425,1,
DOSEESC_EM14_06.10.2019_15_47_39,0.9046416,1,,0.96338874,1,,0.84342813,1,
DOSEESC_EM01_09.20.2017_13_45_32,0.9028393,0,,0.96232736,0,,0.8415081,0,
DOSEESC_EM01_09.20.2017_13_17_35,0.90265274,0,,0.96221733,0,,0.8409847,0,
DOSEESC_EM01_10.16.2017_13_18_40,0.90459746,1,,0.9633495,1,,0.8434928,1,
DOSEESC_EM14_06.10.2019_22_37_37,0.9032663,0,,0.96256113,0,,0.84198743,0,
DOSEESC_EM01_10.16.2017_7_27_26,0.904504,1,,0.96345997,1,,0.843386,1,
DOSEESC_EM01_09.20.2017_17_41_39,0.90467656,1,,0.9640993,1,,0.8442668,1,
DOSEESC_EM14_06.10.2019_20_30_23,0.9023501,0,,0.96214235,0,,0.8417243,0,
DOSEESC_EM01_10.16.2017_14_44_35,0.9026559,0,,0.962185,0,,0.8413701,0,
wholeGBM_002_03_10_2023_03.10.2023_24_28_26,0.90218604,0,,0.96185255,0,,0.8409213,0,
rGBM_004_09_22_2023_09.22.2023_19_24_26,0.9028517,0,,0.9622043,0,,0.8409136,0,
DOSEESC_EM06_04.13.2018_22_31_34,0.9040701,1,,0.9630958,1,,0.84274757,1,
DOSEESC_EM01_10.16.2017_18_25_29,0.9034687,0,,0.96274126,0,,0.84205407,0,
DOSEESC_EM06_03.19.2018_24_38_38,0.9046672,1,,0.9633304,1,,0.8432595,1,
DOSEESC_EM14_06.10.2019_22_39_23,0.9046513,1,,0.9633242,1,,0.8431541,1,
rGBM_004_09_22_2023_09.22.2023_21_26_42,0.90246886,0,,0.96233785,0,,0.8409604,0,
DOSEESC_EM14_05.22.2019_19_34_43,0.90338916,0,,0.96244544,0,,0.84147453,0,
wholeGBM_002_03_10_2023_03.10.2023_15_28_21,0.90290105,0,,0.96247923,0,,0.84129703,0,
DOSEESC_EM06_03.19.2018_15_49_39,0.9038122,0,,0.9631216,1,,0.84319526,1,
DOSEESC_EM06_03.19.2018_23_37_36,0.90435755,1,,0.96326464,1,,0.84316665,1,
DOSEESC_EM06_03.19.2018_12_45_42,0.90350974,0,,0.9629628,1,,0.84269226,1,
DOSEESC_EM14_06.10.2019_24_36_37,0.9047435,1,,0.963596,1,,0.8434042,1,
DOSEESC_EM01_09.20.2017_11_43_34,0.9019643,0,,0.9618166,0,,0.84062433,0,
DOSEESC_EM01_10.16.2017_11_23_27,0.90462077,1,,0.96324396,1,,0.84301984,1,
wholeGBM_002_03_10_2023_03.10.2023_17_34_21,0.9014022,0,,0.96165067,0,,0.84047383,0,
DOSEESC_EM14_05.22.2019_10_43_25,0.90392077,1,,0.96277034,0,,0.8423611,0,
DOSEESC_EM14_06.10.2019_20_27_36,0.9030117,0,,0.9625074,0,,0.8418301,0,
DOSEESC_EM14_06.10.2019_18_32_42,0.90219223,0,,0.96192646,0,,0.841164,0,
DOSEESC_EM14_05.22.2019_16_36_40,0.9024056,0,,0.96216375,0,,0.8414925,0,
DOSEESC_EM14_06.10.2019_16_35_43,0.90205604,0,,0.9619776,0,,0.84072495,0,
DOSEESC_EM01_09.20.2017_15_25_22,0.9030925,0,,0.96241695,0,,0.8416767,0,
DOSEESC_EM01_10.16.2017_13_24_24,0.90261185,0,,0.96210194,0,,0.841434,0,
DOSEESC_EM14_05.22.2019_21_32_40,0.90351284,0,,0.9629303,0,,0.8426363,1,
DOSEESC_EM14_06.10.2019_16_46_39,0.90423757,1,,0.963209,1,,0.8430947,1,
rGBM_004_09_22_2023_09.22.2023_27_29_33,0.90290296,0,,0.96216327,0,,0.8415287,0,
DOSEESC_EM01_10.16.2017_11_24_22,0.90314275,0,,0.9623841,0,,0.84185755,0,
DOSEESC_EM14_05.22.2019_14_32_19,0.904811,1,,0.96403515,1,,0.8447426,1,
DOSEESC_EM06_03.19.2018_21_31_38,0.9026066,0,,0.96222794,0,,0.84146214,0,
DOSEESC_EM06_04.13.2018_23_35_34,0.904596,1,,0.96346366,1,,0.843397,1,
DOSEESC_EM14_05.22.2019_18_37_19,0.90467536,1,,0.96349555,1,,0.8436228,1,
DOSEESC_EM01_10.16.2017_16_20_36,0.9034076,0,,0.9625279,0,,0.84191674,0,
DOSEESC_EM14_05.22.2019_17_40_21,0.9029156,0,,0.9624527,0,,0.84153575,0,
DOSEESC_EM06_04.13.2018_14_46_35,0.9017706,0,,0.96171844,0,,0.84053004,0,
DOSEESC_EM06_03.19.2018_18_37_44,0.90440494,1,,0.9632246,1,,0.8429076,1,
wholeGBM_002_03_10_2023_03.10.2023_20_33_25,0.9019397,0,,0.9618738,0,,0.84046376,0,
DOSEESC_EM06_04.13.2018_18_46_42,0.90480345,1,,0.9636558,1,,0.843413,1,
DOSEESC_EM14_05.22.2019_9_33_23,0.9035614,0,,0.9629561,1,,0.84283143,1,
DOSEESC_EM14_05.22.2019_9_41_38,0.9040009,1,,0.9629447,0,,0.84262717,1,
DOSEESC_EM14_05.22.2019_23_27_33,0.9035406,0,,0.96275157,0,,0.842418,0,
DOSEESC_EM01_10.16.2017_18_22_32,0.9042177,1,,0.9633423,1,,0.8426976,1,
DOSEESC_EM01_09.20.2017_15_19_26,0.9043907,1,,0.9632821,1,,0.8433236,1,
DOSEESC_EM14_05.22.2019_22_34_27,0.9034769,0,,0.96269864,0,,0.842202,0,
DOSEESC_EM14_06.10.2019_8_44_38,0.90492976,1,,0.96377504,1,,0.84322846,1,
DOSEESC_EM01_09.20.2017_12_20_25,0.90297204,0,,0.96236306,0,,0.84148294,0,
DOSEESC_EM14_05.22.2019_17_47_33,0.90246296,0,,0.9621007,0,,0.84132147,0,
DOSEESC_EM14_06.10.2019_20_28_36,0.90337116,0,,0.96266544,0,,0.8421904,0,
DOSEESC_EM14_05.22.2019_12_44_36,0.90247995,0,,0.9623164,0,,0.84137136,0,
DOSEESC_EM14_06.10.2019_24_35_34,0.90225077,0,,0.9620509,0,,0.8409022,0,
DOSEESC_EM01_10.16.2017_16_22_36,0.903557,0,,0.962685,0,,0.8421036,0,
DOSEESC_EM01_09.20.2017_19_24_27,0.90413415,1,,0.96293813,0,,0.84252053,0,
DOSEESC_EM14_06.10.2019_23_31_27,0.9030007,0,,0.9623227,0,,0.8416875,0,
wholeGBM_002_03_10_2023_03.10.2023_23_36_38,0.90274155,0,,0.96219444,0,,0.84131557,0,
DOSEESC_EM06_04.13.2018_22_29_33,0.90382373,0,,0.9628719,0,,0.8425501,0,
DOSEESC_EM06_03.19.2018_21_34_37,0.90367234,0,,0.96285284,0,,0.84237826,0,
DOSEESC_EM06_04.13.2018_22_34_40,0.9045001,1,,0.96340716,1,,0.84339315,1,
DOSEESC_EM14_05.22.2019_20_44_36,0.90411794,1,,0.9629491,1,,0.84258956,1,
DOSEESC_EM01_09.20.2017_12_24_26,0.904593,1,,0.96344566,1,,0.84341955,1,
DOSEESC_EM14_06.10.2019_11_36_42,0.9030544,0,,0.96253335,0,,0.84189874,0,
wholeGBM_002_03_10_2023_03.10.2023_18_33_25,0.9015151,0,,0.96166056,0,,0.8405091,0,
DOSEESC_EM01_10.16.2017_9_38_42,0.9028269,0,,0.9622191,0,,0.8418433,0,
DOSEESC_EM01_10.16.2017_9_26_24,0.90262043,0,,0.9622816,0,,0.8412423,0,
DOSEESC_EM14_06.10.2019_19_34_37,0.90209895,0,,0.96185493,0,,0.8407723,0,
DOSEESC_EM14_05.22.2019_25_34_34,0.90305793,0,,0.96250474,0,,0.84197474,0,
DOSEESC_EM14_05.22.2019_10_32_20,0.9047144,1,,0.96329105,1,,0.84363985,1,
DOSEESC_EM14_05.22.2019_15_34_43,0.9019294,0,,0.9617546,0,,0.8406269,0,
DOSEESC_EM01_09.20.2017_16_19_26,0.9044527,1,,0.9632427,1,,0.8433176,1,
DOSEESC_EM01_10.16.2017_16_30_20,0.90466243,1,,0.96366805,1,,0.8436676,1,
wholeGBM_002_03_10_2023_03.10.2023_18_20_28,0.90194017,0,,0.9616655,0,,0.84041274,0,
DOSEESC_EM14_06.10.2019_23_36_35,0.90207636,0,,0.9619063,0,,0.8405155,0,
DOSEESC_EM14_05.22.2019_19_37_37,0.90275323,0,,0.96217424,0,,0.8408907,0,
DOSEESC_EM01_10.16.2017_11_25_28,0.90395737,1,,0.9629024,0,,0.8429643,1,
DOSEESC_EM06_04.13.2018_16_43_40,0.90174836,0,,0.96168816,0,,0.84061825,0,
DOSEESC_EM14_06.10.2019_19_32_22,0.9023755,0,,0.9619671,0,,0.8412579,0,
DOSEESC_EM14_06.10.2019_12_32_21,0.9021188,0,,0.96201354,0,,0.8406267,0,
DOSEESC_EM01_09.20.2017_15_19_38,0.90307987,0,,0.9625057,0,,0.84155065,0,
DOSEESC_EM14_05.22.2019_12_27_23,0.90267247,0,,0.96235335,0,,0.84144056,0,
DOSEESC_EM14_05.22.2019_23_34_28,0.9036702,0,,0.9626447,0,,0.84218436,0,
DOSEESC_EM01_10.16.2017_10_28_27,0.9028694,0,,0.9625438,0,,0.8421254,0,
DOSEESC_EM01_10.16.2017_12_25_23,0.9021352,0,,0.96199954,0,,0.8413479,0,
DOSEESC_EM14_05.22.2019_14_39_44,0.904813,1,,0.96382076,1,,0.84433144,1,
DOSEESC_EM14_05.22.2019_21_26_37,0.9042972,1,,0.9632907,1,,0.8426857,1,
DOSEESC_EM14_05.22.2019_19_37_41,0.90350676,0,,0.9627019,0,,0.8424932,0,
DOSEESC_EM01_09.20.2017_17_22_32,0.90398407,1,,0.9630054,1,,0.84262085,1,
DOSEESC_EM06_04.13.2018_23_42_38,0.90456545,1,,0.9634364,1,,0.8432271,1,
DOSEESC_EM14_05.22.2019_24_36_33,0.9028837,0,,0.9626255,0,,0.84204024,0,
DOSEESC_EM01_10.16.2017_6_27_40,0.9047756,1,,0.963318,1,,0.8432771,1,
wholeGBM_002_03_10_2023_03.10.2023_24_30_30,0.90321124,0,,0.9626381,0,,0.8421148,0,
DOSEESC_EM14_05.22.2019_21_33_22,0.90489703,1,,0.9635333,1,,0.8434366,1,
DOSEESC_EM14_05.22.2019_8_41_24,0.90435946,1,,0.9634695,1,,0.843939,1,
DOSEESC_EM01_09.20.2017_18_18_30,0.9045847,1,,0.9633851,1,,0.8431722,1,
DOSEESC_EM14_05.22.2019_21_31_37,0.9033844,0,,0.96258944,0,,0.8420744,0,
DOSEESC_EM14_06.10.2019_13_41_38,0.90243065,0,,0.96203136,0,,0.8409234,0,
DOSEESC_EM14_06.10.2019_9_43_35,0.9039092,1,,0.9629304,0,,0.8421749,0,
DOSEESC_EM14_05.22.2019_11_33_45,0.9050229,1,,0.9635314,1,,0.84316254,1,
DOSEESC_EM06_03.19.2018_13_51_37,0.9030242,0,,0.9625331,0,,0.84139186,0,
DOSEESC_EM14_06.10.2019_8_41_25,0.90346414,0,,0.9625594,0,,0.841792,0,
DOSEESC_EM06_03.19.2018_21_41_39,0.9038623,0,,0.9630008,1,,0.8428953,1,
wholeGBM_002_03_10_2023_03.10.2023_20_34_19,0.90208083,0,,0.96192646,0,,0.84082127,0,
DOSEESC_EM14_05.22.2019_20_36_21,0.9048084,1,,0.96359557,1,,0.84355676,1,
DOSEESC_EM14_05.22.2019_11_44_41,0.90484256,1,,0.9636446,1,,0.8439887,1,
rGBM_004_09_22_2023_09.22.2023_19_22_34,0.9043763,1,,0.96337795,1,,0.84284914,1,
DOSEESC_EM14_06.10.2019_19_31_24,0.90237105,0,,0.96199465,0,,0.8410436,0,
DOSEESC_EM06_04.13.2018_8_33_22,0.9032594,0,,0.96267474,0,,0.8417136,0,
DOSEESC_EM06_04.13.2018_14_26_24,0.90207434,0,,0.96201164,0,,0.840833,0,
DOSEESC_EM06_04.13.2018_13_42_39,0.9024439,0,,0.9621798,0,,0.8412258,0,
DOSEESC_EM06_04.13.2018_18_39_43,0.90379524,0,,0.96274436,0,,0.8425234,0,
wholeGBM_002_03_10_2023_03.10.2023_17_32_21,0.90166533,0,,0.9617216,0,,0.8405274,0,
DOSEESC_EM01_10.16.2017_10_20_27,0.90391695,1,,0.9630338,1,,0.84283745,1,
DOSEESC_EM06_04.13.2018_19_49_34,0.90438986,1,,0.9632653,1,,0.8428407,1,
DOSEESC_EM01_10.16.2017_11_27_20,0.9032523,0,,0.9624853,0,,0.84163874,0,
DOSEESC_EM14_06.10.2019_21_34_37,0.9025332,0,,0.9622451,0,,0.8413585,0,
DOSEESC_EM14_06.10.2019_23_32_33,0.9024766,0,,0.96216583,0,,0.841387,0,
DOSEESC_EM01_09.20.2017_9_32_19,0.90458214,1,,0.9633692,1,,0.8431317,1,
DOSEESC_EM01_09.20.2017_15_33_19,0.90308666,0,,0.96233904,0,,0.8414113,0,
rGBM_004_09_22_2023_09.22.2023_23_32_35,0.9021403,0,,0.96193016,0,,0.8412468,0,
DOSEESC_EM01_10.16.2017_11_43_37,0.90228385,0,,0.96186,0,,0.84086275,0,
DOSEESC_EM14_06.10.2019_23_28_28,0.9036379,0,,0.9627002,0,,0.8421294,0,
DOSEESC_EM01_10.16.2017_15_28_22,0.90305537,0,,0.9623995,0,,0.8416133,0,
DOSEESC_EM14_06.10.2019_22_41_39,0.90427077,1,,0.96316844,1,,0.84293157,1,
DOSEESC_EM01_09.20.2017_18_21_37,0.9038358,0,,0.9628704,0,,0.8422998,0,
DOSEESC_EM14_05.22.2019_12_35_21,0.90330714,0,,0.96270496,0,,0.84184104,0,
DOSEESC_EM01_09.20.2017_13_31_18,0.90470535,1,,0.96387947,1,,0.8434491,1,
DOSEESC_EM06_03.19.2018_19_49_34,0.90451354,1,,0.96328956,1,,0.84302443,1,
DOSEESC_EM01_09.20.2017_18_41_36,0.9040055,1,,0.9629396,0,,0.8425683,0,
DOSEESC_EM01_09.20.2017_14_19_37,0.9025146,0,,0.9621075,0,,0.84111845,0,
DOSEESC_EM01_10.16.2017_20_28_24,0.90479624,1,,0.9635771,1,,0.8434491,1,
DOSEESC_EM06_03.19.2018_23_42_38,0.9046243,1,,0.9634121,1,,0.84283435,1,
DOSEESC_EM14_06.10.2019_10_44_26,0.90482414,1,,0.9639002,1,,0.8439633,1,
DOSEESC_EM14_06.10.2019_14_36_36,0.9017932,0,,0.9616302,0,,0.84054166,0,
rGBM_004_09_22_2023_09.22.2023_24_34_35,0.9023789,0,,0.96206313,0,,0.84114087,0,
DOSEESC_EM06_04.13.2018_20_38_39,0.90342456,0,,0.96268415,0,,0.8421604,0,
DOSEESC_EM14_05.22.2019_15_40_38,0.90256727,0,,0.96193916,0,,0.8408419,0,
DOSEESC_EM01_10.16.2017_14_23_20,0.9037161,0,,0.9629033,0,,0.8425983,1,
DOSEESC_EM14_06.10.2019_12_38_19,0.905009,1,,0.9643127,1,,0.8447673,1,
DOSEESC_EM01_10.16.2017_12_26_20,0.9028045,0,,0.9623848,0,,0.84167135,0,
DOSEESC_EM14_06.10.2019_14_39_41,0.90226966,0,,0.96204185,0,,0.841014,0,
DOSEESC_EM01_10.16.2017_14_19_40,0.9039954,1,,0.9629202,0,,0.8426396,1,
DOSEESC_EM01_10.16.2017_16_28_23,0.9030323,0,,0.962428,0,,0.8415672,0,
DOSEESC_EM06_04.13.2018_21_40_42,0.9040502,1,,0.9630685,1,,0.8428728,1,
DOSEESC_EM14_05.22.2019_12_42_42,0.9029876,0,,0.9623391,0,,0.84167624,0,
DOSEESC_EM14_05.22.2019_10_45_24,0.904304,1,,0.9633977,1,,0.8435148,1,
rGBM_004_09_22_2023_09.22.2023_20_21_40,0.90286064,0,,0.96250373,0,,0.8416913,0,
DOSEESC_EM01_10.16.2017_14_20_37,0.9033473,0,,0.9625891,0,,0.8420049,0,
DOSEESC_EM14_06.10.2019_21_34_21,0.90475976,1,,0.9635517,1,,0.8432577,1,
wholeGBM_002_03_10_2023_03.10.2023_19_26_26,0.9018742,0,,0.96160394,0,,0.84064263,0,
DOSEESC_EM14_06.10.2019_14_44_37,0.90193594,0,,0.9617896,0,,0.8402709,0,
DOSEESC_EM14_05.22.2019_23_30_34,0.9034486,0,,0.9627329,0,,0.8423742,0,
wholeGBM_002_03_10_2023_03.10.2023_23_30_32,0.9017475,0,,0.9616464,0,,0.840889,0,
wholeGBM_002_03_10_2023_03.10.2023_23_27_26,0.9018742,0,,0.96178836,0,,0.8410648,0,
DOSEESC_EM01_10.16.2017_11_16_27,0.9041256,1,,0.9630327,1,,0.8428191,1,
DOSEESC_EM01_09.20.2017_14_30_21,0.903327,0,,0.9626071,0,,0.8419455,0,
DOSEESC_EM01_10.16.2017_10_44_35,0.9031962,0,,0.9624423,0,,0.84194803,0,
DOSEESC_EM14_06.10.2019_18_41_38,0.9021966,0,,0.96196544,0,,0.8409603,0,
DOSEESC_EM14_06.10.2019_19_36_37,0.9017515,0,,0.9615654,0,,0.84038174,0,
DOSEESC_EM01_09.20.2017_9_41_36,0.9020052,0,,0.962045,0,,0.8410139,0,
DOSEESC_EM14_06.10.2019_17_43_36,0.90236694,0,,0.9620487,0,,0.84086907,0,
DOSEESC_EM14_06.10.2019_6_41_38,0.90409243,1,,0.9627489,0,,0.8422657,0,
DOSEESC_EM14_06.10.2019_16_45_40,0.9042587,1,,0.96314555,1,,0.84300315,1,
DOSEESC_EM14_05.22.2019_14_41_37,0.9020487,0,,0.9618333,0,,0.84058857,0,
wholeGBM_002_03_10_2023_03.10.2023_23_32_26,0.9023701,0,,0.9619355,0,,0.8408084,0,
DOSEESC_EM14_05.22.2019_20_35_37,0.9025012,0,,0.96211463,0,,0.84105796,0,
DOSEESC_EM14_06.10.2019_21_27_25,0.9029034,0,,0.9623925,0,,0.8413345,0,
rGBM_004_09_22_2023_09.22.2023_21_31_41,0.9018704,0,,0.96167326,0,,0.84076595,0,
DOSEESC_EM01_09.20.2017_17_26_31,0.90240204,0,,0.96212065,0,,0.8415719,0,
DOSEESC_EM01_09.20.2017_14_23_34,0.9035886,0,,0.96276444,0,,0.84230864,0,
DOSEESC_EM06_04.13.2018_19_47_40,0.9044653,1,,0.96362126,1,,0.8435707,1,
DOSEESC_EM14_06.10.2019_21_25_25,0.90454996,1,,0.9632676,1,,0.8429982,1,
DOSEESC_EM14_05.22.2019_10_45_32,0.9045245,1,,0.9636237,1,,0.8437338,1,
DOSEESC_EM14_05.22.2019_9_46_31,0.90419024,1,,0.96310645,1,,0.84287214,1,
DOSEESC_EM01_09.20.2017_15_22_33,0.9034914,0,,0.96272916,0,,0.84226453,0,
DOSEESC_EM01_10.16.2017_17_43_37,0.9034476,0,,0.96267,0,,0.8420572,0,
DOSEESC_EM01_09.20.2017_10_40_41,0.9018882,0,,0.96172935,0,,0.8408359,0,
DOSEESC_EM06_04.13.2018_20_31_37,0.90192205,0,,0.96176994,0,,0.84064066,0,
DOSEESC_EM14_06.10.2019_6_44_27,0.9044372,1,,0.96326876,1,,0.8430254,1,
DOSEESC_EM01_09.20.2017_13_20_26,0.90350115,0,,0.96271837,0,,0.8421027,0,
DOSEESC_EM01_09.20.2017_11_24_24,0.90187943,0,,0.9617669,0,,0.84029454,0,
DOSEESC_EM14_06.10.2019_16_48_33,0.90270025,0,,0.9622201,0,,0.8411256,0,
DOSEESC_EM14_06.10.2019_12_43_21,0.9047197,1,,0.96329004,1,,0.84293544,1,
DOSEESC_EM14_06.10.2019_23_31_33,0.9034222,0,,0.96258956,0,,0.8422055,0,
DOSEESC_EM01_10.16.2017_13_20_31,0.9029579,0,,0.9622914,0,,0.8415739,0,
DOSEESC_EM14_06.10.2019_23_35_26,0.9031415,0,,0.96240205,0,,0.8417393,0,
DOSEESC_EM14_06.10.2019_23_32_27,0.90208805,0,,0.961692,0,,0.8406981,0,
DOSEESC_EM01_10.16.2017_9_40_40,0.9019159,0,,0.9616715,0,,0.8407448,0,
DOSEESC_EM01_09.20.2017_15_19_34,0.90217847,0,,0.9620144,0,,0.8414756,0,
rGBM_004_09_22_2023_09.22.2023_23_22_33,0.9044493,1,,0.9631364,1,,0.8429831,1,
DOSEESC_EM01_09.20.2017_12_26_29,0.9043948,1,,0.9632335,1,,0.8427514,1,
DOSEESC_EM01_10.16.2017_11_41_35,0.90175045,0,,0.96169317,0,,0.8406118,0,
DOSEESC_EM14_06.10.2019_12_47_38,0.9037713,0,,0.9632659,1,,0.84241235,0,
DOSEESC_EM14_06.10.2019_16_32_43,0.90206414,0,,0.96178323,0,,0.84071064,0,
wholeGBM_002_03_10_2023_03.10.2023_22_29_30,0.90162575,0,,0.96165115,0,,0.840728,0,
wholeGBM_002_03_10_2023_03.10.2023_22_27_28,0.9017414,0,,0.9616807,0,,0.84099567,0,
rGBM_004_09_22_2023_09.22.2023_20_26_37,0.9023469,0,,0.961983,0,,0.8407801,0,
wholeGBM_002_03_10_2023_03.10.2023_17_24_28,0.9020213,0,,0.96188384,0,,0.84101945,0,
DOSEESC_EM14_06.10.2019_7_45_36,0.904058,1,,0.9627144,0,,0.8423246,0,
DOSEESC_EM14_05.22.2019_22_30_34,0.90341264,0,,0.9625317,0,,0.84215564,0,
DOSEESC_EM14_05.22.2019_18_33_41,0.9021882,0,,0.96187496,0,,0.84094036,0,
DOSEESC_EM14_06.10.2019_9_44_32,0.90413266,1,,0.96306026,1,,0.84292394,1,
DOSEESC_EM01_09.20.2017_19_33_22,0.90408915,1,,0.963033,1,,0.842711,1,
rGBM_004_09_22_2023_09.22.2023_23_25_30,0.90188676,0,,0.96188784,0,,0.84074146,0,
DOSEESC_EM01_10.16.2017_16_21_37,0.90323114,0,,0.9624704,0,,0.8415496,0,
DOSEESC_EM14_06.10.2019_21_36_24,0.90228605,0,,0.9618866,0,,0.84093696,0,
DOSEESC_EM01_09.20.2017_11_28_21,0.90242416,0,,0.9621028,0,,0.8412695,0,
DOSEESC_EM06_04.13.2018_20_33_38,0.9025464,0,,0.9621748,0,,0.84121865,0,
DOSEESC_EM14_05.22.2019_13_48_35,0.90484554,1,,0.9637519,1,,0.8433925,1,
DOSEESC_EM01_09.20.2017_18_31_22,0.9042624,1,,0.9631184,1,,0.8427254,1,
DOSEESC_EM06_04.13.2018_20_39_41,0.9026473,0,,0.9623459,0,,0.84153813,0,
DOSEESC_EM01_09.20.2017_14_44_33,0.9022096,0,,0.9618715,0,,0.840395,0,
DOSEESC_EM01_10.16.2017_11_21_29,0.9030757,0,,0.96246684,0,,0.8420291,0,
DOSEESC_EM14_06.10.2019_11_33_20,0.9030563,0,,0.96263087,0,,0.8417797,0,
DOSEESC_EM06_03.19.2018_8_31_38,0.90346754,0,,0.9626769,0,,0.8423756,0,
DOSEESC_EM01_10.16.2017_14_28_24,0.9023668,0,,0.9619587,0,,0.84066486,0,
DOSEESC_EM01_09.20.2017_11_25_30,0.9041661,1,,0.9631643,1,,0.84321594,1,
DOSEESC_EM01_09.20.2017_16_22_40,0.9029083,0,,0.9623731,0,,0.841702,0,
DOSEESC_EM01_09.20.2017_13_46_33,0.9030404,0,,0.9624853,0,,0.8413935,0,
DOSEESC_EM14_06.10.2019_10_45_22,0.90454435,1,,0.9633945,1,,0.8430756,1,
DOSEESC_EM14_06.10.2019_22_33_40,0.9047607,1,,0.9636818,1,,0.8433175,1,
DOSEESC_EM14_06.10.2019_9_42_36,0.9043371,1,,0.96307695,1,,0.84288996,1,
wholeGBM_002_03_10_2023_03.10.2023_24_33_22,0.90325296,0,,0.9625972,0,,0.84163606,0,
DOSEESC_EM01_09.20.2017_15_43_37,0.90218973,0,,0.96199226,0,,0.8408984,0,
DOSEESC_EM01_10.16.2017_12_43_35,0.9023229,0,,0.96195716,0,,0.8408192,0,
DOSEESC_EM14_06.10.2019_9_44_36,0.9043253,1,,0.96305835,1,,0.8423899,0,
DOSEESC_EM14_06.10.2019_19_33_21,0.90475166,1,,0.96342146,1,,0.84304047,1,
DOSEESC_EM14_06.10.2019_24_32_27,0.90394795,1,,0.9628911,0,,0.8428383,1,
DOSEESC_EM14_05.22.2019_21_38_37,0.90272826,0,,0.9622822,0,,0.8413561,0,
DOSEESC_EM14_05.22.2019_19_37_21,0.90518,1,,0.96410596,1,,0.8447922,1,
DOSEESC_EM01_09.20.2017_11_30_18,0.9025939,0,,0.9622439,0,,0.842058,0,
DOSEESC_EM14_06.10.2019_8_45_31,0.9046968,1,,0.9635359,1,,0.84327257,1,
DOSEESC_EM01_10.16.2017_9_45_33,0.90442693,1,,0.96365964,1,,0.84367436,1,
DOSEESC_EM14_06.10.2019_6_43_39,0.90468806,1,,0.9632327,1,,0.8427593,1,
rGBM_004_09_22_2023_09.22.2023_20_23_38,0.9023407,0,,0.96215487,0,,0.8404705,0,
DOSEESC_EM14_06.10.2019_10_41_20,0.90423393,1,,0.9632309,1,,0.84290934,1,
DOSEESC_EM01_09.20.2017_10_18_34,0.9036182,0,,0.9629386,0,,0.8423031,0,
DOSEESC_EM06_03.19.2018_17_46_41,0.9043522,1,,0.96338284,1,,0.843294,1,
DOSEESC_EM01_09.20.2017_20_23_30,0.9042667,1,,0.9630591,1,,0.8428868,1,
DOSEESC_EM01_09.20.2017_15_16_36,0.90405303,1,,0.96292984,0,,0.84244,0,
DOSEESC_EM14_05.22.2019_18_30_43,0.9022306,0,,0.9619834,0,,0.8408905,0,
rGBM_004_09_22_2023_09.22.2023_21_22_35,0.90321124,0,,0.9627899,0,,0.8422931,0,
DOSEESC_EM01_10.16.2017_10_23_34,0.9033543,0,,0.96255225,0,,0.84224176,0,
DOSEESC_EM01_10.16.2017_14_37_18,0.9045963,1,,0.9637416,1,,0.8438729,1,
DOSEESC_EM01_09.20.2017_16_19_38,0.90347975,0,,0.96259403,0,,0.8418441,0,
DOSEESC_EM14_05.22.2019_23_29_30,0.9036516,0,,0.96272737,0,,0.8424533,0,
DOSEESC_EM14_05.22.2019_9_46_35,0.90424454,1,,0.96318185,1,,0.84374887,1,
DOSEESC_EM14_05.22.2019_19_45_37,0.9042095,1,,0.9631219,1,,0.84303606,1,
DOSEESC_EM06_03.19.2018_17_48_38,0.9050021,1,,0.96401864,1,,0.84364843,1,
DOSEESC_EM14_05.22.2019_24_38_33,0.9043211,1,,0.9631816,1,,0.843075,1,
wholeGBM_002_03_10_2023_03.10.2023_24_27_32,0.90244293,0,,0.9619466,0,,0.8412924,0,
DOSEESC_EM14_05.22.2019_8_43_40,0.90462,1,,0.9635251,1,,0.8438255,1,
DOSEESC_EM01_09.20.2017_15_19_30,0.9035176,0,,0.9627656,0,,0.84223235,0,
DOSEESC_EM14_06.10.2019_14_38_43,0.9029826,0,,0.9625778,0,,0.8415195,0,
DOSEESC_EM01_09.20.2017_12_21_33,0.9036478,0,,0.96272326,0,,0.8421502,0,
DOSEESC_EM01_10.16.2017_11_40_37,0.9021718,0,,0.96199167,0,,0.8409982,0,
DOSEESC_EM14_05.22.2019_16_41_40,0.9022745,0,,0.9620434,0,,0.8411682,0,
DOSEESC_EM01_09.20.2017_21_29_25,0.90459716,1,,0.96325254,1,,0.8432223,1,
DOSEESC_EM06_04.13.2018_10_35_40,0.9046153,1,,0.9635767,1,,0.84330547,1,
DOSEESC_EM01_10.16.2017_15_45_36,0.9050931,1,,0.9637831,1,,0.84324205,1,
rGBM_004_09_22_2023_09.22.2023_22_22_28,0.90169716,0,,0.96171033,0,,0.8404471,0,
DOSEESC_EM14_05.22.2019_15_31_44,0.9026499,0,,0.9621582,0,,0.841531,0,
DOSEESC_EM01_09.20.2017_8_26_23,0.9043759,1,,0.9630023,1,,0.84319717,1,
DOSEESC_EM06_03.19.2018_16_48_38,0.9044763,1,,0.96304476,1,,0.8428661,1,
DOSEESC_EM14_05.22.2019_18_31_21,0.90296686,0,,0.9623426,0,,0.84155446,0,
DOSEESC_EM01_10.16.2017_9_24_27,0.90452176,1,,0.96372986,1,,0.8435949,1,
DOSEESC_EM01_09.20.2017_9_33_22,0.9046354,1,,0.96374875,1,,0.8433134,1,
DOSEESC_EM14_06.10.2019_16_37_42,0.9023315,0,,0.96195966,0,,0.84078044,0,
DOSEESC_EM01_09.20.2017_14_34_20,0.90192044,0,,0.9617594,0,,0.8402566,0,
DOSEESC_EM01_09.20.2017_14_21_32,0.903561,0,,0.96280277,0,,0.84238577,0,
DOSEESC_EM14_05.22.2019_15_35_21,0.90219307,0,,0.9619905,0,,0.8411247,0,
DOSEESC_EM06_04.13.2018_11_35_20,0.9022215,0,,0.9619924,0,,0.8411784,0,
DOSEESC_EM01_09.20.2017_19_27_25,0.9037403,0,,0.96282065,0,,0.8423608,0,
DOSEESC_EM14_05.22.2019_19_30_42,0.90304565,0,,0.9623109,0,,0.8414885,0,
DOSEESC_EM01_09.20.2017_16_18_31,0.90399027,1,,0.96297723,1,,0.8426525,1,
DOSEESC_EM01_09.20.2017_13_20_38,0.90202683,0,,0.9618866,0,,0.8410567,0,
DOSEESC_EM06_03.19.2018_20_27_38,0.90381736,0,,0.96279204,0,,0.842317,0,
DOSEESC_EM06_03.19.2018_8_34_25,0.9043652,1,,0.96323955,1,,0.8431878,1,
DOSEESC_EM14_06.10.2019_9_46_28,0.9044889,1,,0.96338254,1,,0.84365404,1,
DOSEESC_EM14_06.10.2019_8_43_24,0.90383685,0,,0.9627757,0,,0.8422707,0,
DOSEESC_EM14_06.10.2019_18_39_39,0.9022821,0,,0.9620903,0,,0.8411256,0,
DOSEESC_EM14_05.22.2019_10_31_19,0.90454245,1,,0.96352184,1,,0.84418046,1,
DOSEESC_EM14_06.10.2019_22_33_29,0.9015611,0,,0.9616219,0,,0.8402789,0,
DOSEESC_EM01_09.20.2017_11_45_35,0.90271175,0,,0.9622509,0,,0.8413142,0,
rGBM_004_09_22_2023_09.22.2023_23_26_40,0.9025596,0,,0.962317,0,,0.8414524,0,
DOSEESC_EM06_04.13.2018_20_25_36,0.9035102,0,,0.96278745,0,,0.84269476,1,
DOSEESC_UM17_01.07.2019_20_34_20,0.9042181,1,,0.9633729,1,,0.84299505,1,
DOSEESC_EM14_06.10.2019_11_38_37,0.90269434,0,,0.96233976,0,,0.841204,0,
DOSEESC_EM01_09.20.2017_9_42_37,0.90250814,0,,0.96233714,0,,0.8413042,0,
DOSEESC_EM14_06.10.2019_19_28_22,0.9031175,0,,0.96260184,0,,0.84218043,0,
DOSEESC_EM14_06.10.2019_5_43_35,0.9041422,1,,0.96327513,1,,0.843523,1,
DOSEESC_EM06_04.13.2018_10_36_40,0.9045078,1,,0.96343833,1,,0.8432142,1,
DOSEESC_EM01_10.16.2017_13_29_20,0.90361404,0,,0.9627819,0,,0.84197724,0,
DOSEESC_EM01_09.20.2017_9_30_22,0.9023501,0,,0.9620873,0,,0.8409052,0,
DOSEESC_EM06_03.19.2018_21_32_38,0.90268165,0,,0.96227664,0,,0.84153616,0,
DOSEESC_EM14_05.22.2019_18_32_42,0.9029993,0,,0.9623828,0,,0.8416211,0,
DOSEESC_EM14_06.10.2019_16_33_21,0.90217084,0,,0.96192676,0,,0.84073657,0,
DOSEESC_EM14_05.22.2019_22_28_26,0.9043428,1,,0.96315396,1,,0.842779,1,
DOSEESC_EM01_09.20.2017_20_26_24,0.90464175,1,,0.96344584,1,,0.84338266,1,
DOSEESC_EM01_09.20.2017_11_35_18,0.90467227,1,,0.96402675,1,,0.84448403,1,
DOSEESC_EM01_09.20.2017_13_42_38,0.90177834,0,,0.9616922,0,,0.8407577,0,
DOSEESC_EM01_09.20.2017_10_26_26,0.9035759,0,,0.96265954,0,,0.8420925,0,
DOSEESC_EM01_10.16.2017_14_19_32,0.9037773,0,,0.96279824,0,,0.8423885,0,
DOSEESC_EM06_04.13.2018_18_50_33,0.9037207,0,,0.96295583,1,,0.84239894,0,
rGBM_004_09_22_2023_09.22.2023_26_30_32,0.90243864,0,,0.96210146,0,,0.84116936,0,
DOSEESC_EM01_10.16.2017_14_21_23,0.903137,0,,0.9623192,0,,0.8418419,0,
DOSEESC_EM14_05.22.2019_10_48_28,0.90443075,1,,0.9634818,1,,0.8428671,1,
DOSEESC_EM01_09.20.2017_16_23_32,0.90330064,0,,0.9625577,0,,0.842033,0,
DOSEESC_EM01_10.16.2017_14_18_38,0.904517,1,,0.9636424,1,,0.8442625,1,
DOSEESC_EM01_10.16.2017_12_29_21,0.9027971,0,,0.962255,0,,0.8408515,0,
DOSEESC_EM01_10.16.2017_13_18_32,0.9038243,0,,0.9627937,0,,0.8422303,0,
rGBM_004_09_22_2023_09.22.2023_22_30_40,0.9026438,0,,0.96218187,0,,0.84165746,0,
DOSEESC_EM01_09.20.2017_14_41_41,0.9043978,1,,0.96375513,1,,0.84394485,1,
DOSEESC_EM06_04.13.2018_20_33_42,0.90406764,1,,0.9629523,1,,0.8426587,1,
DOSEESC_EM06_04.13.2018_19_31_42,0.9023868,0,,0.9622467,0,,0.841416,0,
DOSEESC_EM01_10.16.2017_14_33_19,0.90515983,1,,0.96398145,1,,0.84414846,1,
DOSEESC_EM01_09.20.2017_16_43_35,0.90204954,0,,0.9618467,0,,0.84075654,0,
wholeGBM_002_03_10_2023_03.10.2023_24_34_33,0.9039028,1,,0.96287286,0,,0.84254867,0,
rGBM_004_09_22_2023_09.22.2023_22_24_33,0.90308344,0,,0.96264887,0,,0.8424699,0,
DOSEESC_EM14_06.10.2019_21_31_24,0.9024623,0,,0.96190155,0,,0.84101754,0,
DOSEESC_EM14_05.22.2019_16_32_21,0.9023964,0,,0.96204376,0,,0.8411697,0,
wholeGBM_002_03_10_2023_03.10.2023_23_29_28,0.90195656,0,,0.9617308,0,,0.84056646,0,
DOSEESC_EM01_10.16.2017_10_25_22,0.9023878,0,,0.9621153,0,,0.84141266,0,
DOSEESC_EM06_04.13.2018_13_38_44,0.904919,1,,0.9638527,1,,0.8432535,1,
DOSEESC_EM06_04.13.2018_11_36_43,0.9047386,1,,0.96356404,1,,0.8430419,1,
DOSEESC_EM14_06.10.2019_18_45_38,0.90437156,1,,0.9631575,1,,0.84289426,1,
DOSEESC_EM14_05.22.2019_7_45_35,0.90417844,1,,0.963251,1,,0.84304553,1,
DOSEESC_EM14_05.22.2019_21_37_37,0.90278035,0,,0.9621685,0,,0.8413563,0,
rGBM_004_09_22_2023_09.22.2023_24_27_37,0.9024224,0,,0.96203214,0,,0.84113675,0,
DOSEESC_EM14_06.10.2019_20_27_40,0.9029614,0,,0.9624492,0,,0.8421137,0,
rGBM_004_09_22_2023_09.22.2023_20_23_30,0.90276587,0,,0.96229184,0,,0.8414338,0,
DOSEESC_EM06_03.19.2018_23_31_35,0.9042193,1,,0.9632096,1,,0.8428095,1,
DOSEESC_EM01_10.16.2017_12_27_25,0.9024209,0,,0.9620122,0,,0.84119415,0,
DOSEESC_EM01_10.16.2017_11_26_30,0.9035505,0,,0.9628006,0,,0.8424141,0,
DOSEESC_EM01_09.20.2017_9_27_21,0.90458393,1,,0.96363986,1,,0.8432522,1,
DOSEESC_EM01_09.20.2017_11_18_32,0.90392876,1,,0.9629115,0,,0.84248054,0,
DOSEESC_EM14_06.10.2019_10_43_34,0.9045822,1,,0.96320236,1,,0.843091,1,
DOSEESC_EM06_03.19.2018_8_35_39,0.9044092,1,,0.96348745,1,,0.84350455,1,
DOSEESC_EM14_06.10.2019_23_41_36,0.9040597,1,,0.9629365,0,,0.8426031,1,
DOSEESC_EM14_06.10.2019_14_33_42,0.90210044,0,,0.96199656,0,,0.84086496,0,
DOSEESC_EM14_05.22.2019_15_43_36,0.90228605,0,,0.96200687,0,,0.8409805,0,
DOSEESC_EM14_06.10.2019_22_35_25,0.9024409,0,,0.96205646,0,,0.84122676,0,
DOSEESC_EM14_06.10.2019_10_47_38,0.9045674,1,,0.9631807,1,,0.84318095,1,
DOSEESC_EM14_05.22.2019_10_41_39,0.90481055,1,,0.9635353,1,,0.8436443,1,
DOSEESC_EM01_09.20.2017_16_17_30,0.9045704,1,,0.9632572,1,,0.84309864,1,
DOSEESC_EM01_10.16.2017_19_25_29,0.90369666,0,,0.96301806,1,,0.84239054,0,
DOSEESC_EM01_10.16.2017_11_30_19,0.9031781,0,,0.9625354,0,,0.8414423,0,
wholeGBM_002_03_10_2023_03.10.2023_25_36_25,0.9045781,1,,0.9631602,1,,0.8430888,1,
DOSEESC_EM14_05.22.2019_21_24_36,0.9047378,1,,0.96331596,1,,0.84296113,1,
DOSEESC_EM14_05.22.2019_16_42_40,0.9025224,0,,0.96223336,0,,0.8414687,0,
DOSEESC_EM01_09.20.2017_16_20_30,0.90387547,1,,0.9629289,0,,0.8426863,1,
rGBM_004_09_22_2023_09.22.2023_21_28_26,0.9018027,0,,0.9616491,0,,0.8404927,0,
DOSEESC_EM01_10.16.2017_16_42_40,0.9046995,1,,0.9641429,1,,0.84515274,1,
DOSEESC_EM01_10.16.2017_18_21_29,0.9041376,1,,0.96300745,1,,0.842632,1,
DOSEESC_EM01_09.20.2017_12_27_22,0.9017544,0,,0.96170425,0,,0.84043837,0,
DOSEESC_EM01_09.20.2017_17_34_21,0.90248173,0,,0.9621501,0,,0.8413334,0,
DOSEESC_EM14_06.10.2019_10_33_39,0.90292054,0,,0.962591,0,,0.84189355,0,
DOSEESC_EM14_05.22.2019_15_46_38,0.9024477,0,,0.9620144,0,,0.84095013,0,
DOSEESC_EM14_05.22.2019_15_40_42,0.90211236,0,,0.961794,0,,0.84067976,0,
DOSEESC_EM14_06.10.2019_17_43_40,0.9027503,0,,0.9623391,0,,0.84155893,0,
DOSEESC_EM06_04.13.2018_12_39_39,0.90364426,0,,0.96291876,0,,0.8425865,1,
DOSEESC_EM14_06.10.2019_9_46_32,0.90421486,1,,0.96329576,1,,0.84327203,1,
wholeGBM_002_03_10_2023_03.10.2023_19_38_25,0.9020206,0,,0.9618152,0,,0.8408791,0,
DOSEESC_EM14_05.22.2019_13_32_21,0.9030081,0,,0.96243685,0,,0.841514,0,
DOSEESC_EM14_06.10.2019_18_38_41,0.9035392,0,,0.9625741,0,,0.84207696,0,
DOSEESC_EM01_09.20.2017_9_29_22,0.90295094,0,,0.96253026,0,,0.84164685,0,
DOSEESC_EM01_10.16.2017_9_40_36,0.902239,0,,0.96190053,0,,0.8411315,0,
DOSEESC_EM14_06.10.2019_6_42_36,0.9040159,1,,0.9629135,0,,0.84244,0,
DOSEESC_EM01_09.20.2017_14_21_36,0.9021721,0,,0.9619669,0,,0.8406889,0,
DOSEESC_EM14_06.10.2019_17_42_41,0.9034602,0,,0.96274793,0,,0.8420118,0,
rGBM_004_09_22_2023_09.22.2023_25_31_39,0.9024078,0,,0.9621132,0,,0.84097874,0,
DOSEESC_EM06_03.19.2018_13_46_37,0.9018353,0,,0.96178037,0,,0.84082377,0,
DOSEESC_EM14_05.22.2019_20_37_21,0.904669,1,,0.9637164,1,,0.84433013,1,
DOSEESC_EM06_03.19.2018_15_45_42,0.90213567,0,,0.9619848,0,,0.8413745,0,
rGBM_004_09_22_2023_09.22.2023_22_26_32,0.9019705,0,,0.96194154,0,,0.8406318,0,
DOSEESC_EM06_03.19.2018_12_43_41,0.9021037,0,,0.9620466,0,,0.8410199,0,
rGBM_004_09_22_2023_09.22.2023_17_21_28,0.90455854,1,,0.96341735,1,,0.843129,1,
DOSEESC_EM01_10.16.2017_10_26_20,0.90293086,0,,0.96232796,0,,0.8413205,0,
DOSEESC_EM01_10.16.2017_10_25_26,0.90451795,1,,0.96340847,1,,0.8436891,1,
wholeGBM_002_03_10_2023_03.10.2023_20_23_27,0.90169513,0,,0.9616839,0,,0.84055793,0,
DOSEESC_EM14_05.22.2019_22_30_23,0.9046237,1,,0.9632373,1,,0.8429446,1,
DOSEESC_EM01_10.16.2017_17_20_34,0.9039196,1,,0.96310747,1,,0.84233886,0,
DOSEESC_EM01_10.16.2017_12_45_34,0.90483534,1,,0.96411324,1,,0.8446654,1,
DOSEESC_EM01_09.20.2017_11_22_31,0.90420496,1,,0.96312463,1,,0.8428855,1,
DOSEESC_EM06_04.13.2018_13_50_39,0.90382147,0,,0.9628178,0,,0.8419938,0,
DOSEESC_EM01_09.20.2017_16_30_21,0.90441763,1,,0.96330464,1,,0.8432406,1,
DOSEESC_EM06_03.19.2018_11_41_42,0.90497226,1,,0.9640166,1,,0.84450436,1,
DOSEESC_EM14_06.10.2019_19_33_37,0.90243644,0,,0.96183985,0,,0.8409964,0,
DOSEESC_EM14_06.10.2019_15_47_35,0.902249,0,,0.96204406,0,,0.8405803,0,
DOSEESC_EM01_10.16.2017_12_24_23,0.9029924,0,,0.9623868,0,,0.84180737,0,
DOSEESC_EM01_09.20.2017_15_17_38,0.90407676,1,,0.9628496,0,,0.8422078,0,
DOSEESC_EM14_05.22.2019_8_39_38,0.903224,0,,0.96229684,0,,0.8416611,0,
DOSEESC_EM14_05.22.2019_13_42_41,0.90190184,0,,0.9620312,0,,0.84108543,0,
DOSEESC_EM14_05.22.2019_16_29_22,0.9025912,0,,0.96219695,0,,0.8415009,0,
DOSEESC_EM14_06.10.2019_12_35_43,0.90349483,0,,0.9629018,0,,0.84242773,0,
DOSEESC_EM14_06.10.2019_6_45_30,0.9042713,1,,0.9631449,1,,0.84287167,1,
DOSEESC_EM14_06.10.2019_12_38_39,0.90249,0,,0.96204156,0,,0.8408065,0,
rGBM_004_09_22_2023_09.22.2023_21_19_37,0.90341663,0,,0.9626336,0,,0.84214896,0,
DOSEESC_EM14_05.22.2019_9_46_39,0.9044897,1,,0.9636768,1,,0.84389096,1,
DOSEESC_EM01_09.20.2017_8_44_36,0.90437347,1,,0.96318185,1,,0.84355766,1,
rGBM_004_09_22_2023_09.22.2023_23_26_32,0.9018133,0,,0.9618645,0,,0.84048843,0,
rGBM_004_09_22_2023_09.22.2023_21_21_31,0.90225965,0,,0.96231365,0,,0.8413452,0,
wholeGBM_002_03_10_2023_03.10.2023_17_27_27,0.9018957,0,,0.96171016,0,,0.8408882,0,
DOSEESC_EM14_06.10.2019_19_29_21,0.9038342,0,,0.9629191,0,,0.84260017,1,
DOSEESC_EM14_06.10.2019_11_45_37,0.9029645,0,,0.9625621,0,,0.8417509,0,
DOSEESC_EM14_06.10.2019_21_41_38,0.90361005,0,,0.96260995,0,,0.84214944,0,
DOSEESC_EM14_05.22.2019_20_34_38,0.90306455,0,,0.9624225,0,,0.8418533,0,
DOSEESC_EM06_03.19.2018_18_45_39,0.9038917,1,,0.96297324,1,,0.84290725,1,
DOSEESC_EM06_04.13.2018_20_27_36,0.90284383,0,,0.9623245,0,,0.8415184,0,
DOSEESC_EM06_04.13.2018_22_44_39,0.90404034,1,,0.9630226,1,,0.84299815,1,
DOSEESC_EM01_10.16.2017_16_17_31,0.90434563,1,,0.96316606,1,,0.8430659,1,
DOSEESC_EM14_06.10.2019_14_46_41,0.9050757,1,,0.9640722,1,,0.84488785,1,
DOSEESC_EM06_04.13.2018_23_37_39,0.9043372,1,,0.9631568,1,,0.84298354,1,
DOSEESC_EM01_10.16.2017_14_21_36,0.9035109,0,,0.96262914,0,,0.84193647,0,
DOSEESC_EM14_05.22.2019_12_40_41,0.9017638,0,,0.9619301,0,,0.8409875,0,
DOSEESC_EM06_04.13.2018_21_26_36,0.9039227,1,,0.96303064,1,,0.8428391,1,
DOSEESC_EM14_05.22.2019_12_38_38,0.90264493,0,,0.9621272,0,,0.8413273,0,
DOSEESC_EM14_06.10.2019_13_48_35,0.90264654,0,,0.96249425,0,,0.84136945,0,
DOSEESC_EM14_05.22.2019_24_35_33,0.9028083,0,,0.96222,0,,0.84160185,0,
DOSEESC_EM01_10.16.2017_14_20_33,0.9036399,0,,0.9626559,0,,0.84222233,0,
DOSEESC_EM14_05.22.2019_21_40_40,0.90360564,0,,0.9627681,0,,0.84235746,0,
DOSEESC_EM06_04.13.2018_13_44_41,0.90196973,0,,0.9617531,0,,0.84044206,0,
DOSEESC_EM06_04.13.2018_13_51_37,0.9039587,1,,0.96305114,1,,0.8423501,0,
DOSEESC_EM14_05.22.2019_13_36_38,0.9019163,0,,0.9616731,0,,0.8408087,0,
DOSEESC_EM06_04.13.2018_21_43_42,0.90451986,1,,0.96329796,1,,0.8432139,1,
DOSEESC_EM06_03.19.2018_13_48_37,0.9015721,0,,0.96173847,0,,0.8403142,0,
DOSEESC_EM06_03.19.2018_19_30_42,0.9033826,0,,0.9627838,0,,0.84218085,0,
DOSEESC_EM01_10.16.2017_18_42_37,0.9034928,0,,0.9626257,0,,0.8418353,0,
DOSEESC_EM01_09.20.2017_8_31_24,0.90412396,1,,0.9630543,1,,0.8427952,1,
DOSEESC_EM14_05.22.2019_21_31_41,0.90387285,1,,0.9631829,1,,0.8425094,0,
wholeGBM_002_03_10_2023_03.10.2023_19_26_22,0.9033843,0,,0.9626333,0,,0.8425592,0,
DOSEESC_EM06_04.13.2018_11_43_41,0.9028629,0,,0.96258575,0,,0.8421445,0,
DOSEESC_EM14_05.22.2019_19_33_22,0.9026769,0,,0.9622876,0,,0.8414787,0,
DOSEESC_EM01_10.16.2017_11_22_24,0.9044943,1,,0.96362066,1,,0.8434185,1,
rGBM_004_09_22_2023_09.22.2023_21_20_27,0.90200996,0,,0.96206045,0,,0.8407799,0,
DOSEESC_EM01_10.16.2017_13_16_37,0.90418786,1,,0.96304035,1,,0.8427884,1,
DOSEESC_EM01_09.20.2017_17_45_32,0.9047476,1,,0.9637613,1,,0.8434323,1,
DOSEESC_EM06_03.19.2018_14_50_34,0.9019619,0,,0.9618386,0,,0.84068644,0,
DOSEESC_EM01_09.20.2017_15_40_40,0.90246516,0,,0.96207464,0,,0.8415521,0,
DOSEESC_EM14_05.22.2019_22_30_38,0.90471375,1,,0.9632155,1,,0.8431557,1,
DOSEESC_EM01_09.20.2017_19_24_23,0.9047464,1,,0.96348894,1,,0.84346753,1,
DOSEESC_EM14_05.22.2019_24_31_34,0.9032012,0,,0.9629787,1,,0.84287864,1,
DOSEESC_EM01_09.20.2017_15_23_32,0.9034482,0,,0.96265143,0,,0.84234524,0,
DOSEESC_EM06_04.13.2018_17_47_41,0.90519226,1,,0.9638573,1,,0.843503,1,
